customer_key,customer_number,customer_name,age,age_group,customer_segment,total_orders,total_sales,total_quantity,total_products,lifespan,last_order_date,recency,avg_order_value,avg_monthly_spend
1,AW00011000,"Jon Yang",54,"50 and Above",VIP,3,8249,8,8,27,2013-05-03,8,2749.67,305.52
2,AW00011001,"Eugene Huang",50,"50 and Above",VIP,3,6384,11,10,34,2013-12-10,1,2128.00,187.76
3,AW00011002,"Ruben Torres",55,"50 and Above",VIP,3,8114,4,4,25,2013-02-23,11,2704.67,324.56
4,AW00011003,"Christy Zhu",52,"50 and Above",VIP,3,8139,9,9,28,2013-05-10,8,2713.00,290.68
5,AW00011004,"Elizabeth Johnson",46,40-49,VIP,3,8196,6,6,27,2013-05-01,8,2732.00,303.56
6,AW00011005,"Julio Ruiz",49,40-49,VIP,3,8121,6,6,28,2013-05-02,8,2707.00,290.04
7,AW00011006,"Janet Alvarez",49,40-49,VIP,3,8119,5,5,27,2013-05-14,8,2706.33,300.70
8,AW00011007,"Marco Mehta",56,"50 and Above",VIP,3,8211,8,8,26,2013-03-19,10,2737.00,315.81
9,AW00011008,"Rob Verhoff",50,"50 and Above",VIP,3,8106,7,7,25,2013-03-02,10,2702.00,324.24
10,AW00011009,"Shannon Carlson",56,"50 and Above",VIP,3,8091,5,5,27,2013-05-09,8,2697.00,299.67
11,AW00011010,"Jacquelyn Suarez",56,"50 and Above",VIP,3,8088,4,4,28,2013-05-23,8,2696.00,288.86
12,AW00011011,"Curtis Lu",57,"50 and Above",VIP,3,8133,4,4,26,2013-03-19,10,2711.00,312.81
13,AW00011012,"Lauren Walker",47,40-49,New,2,81,5,5,6,2013-10-15,3,40.50,13.50
14,AW00011013,"Ian Jenkins",46,40-49,New,2,114,5,5,9,2014-01-21,0,57.00,12.67
15,AW00011014,"Sydney Bennett",52,"50 and Above",New,2,138,6,5,1,2013-04-30,8,69.00,138.00
16,AW00011015,"Chloe Young",41,40-49,New,1,2501,3,3,0,2013-01-18,12,2501.00,2501.00
17,AW00011016,"Wyatt Hill",41,40-49,New,1,2332,3,3,0,2013-02-09,11,2332.00,2332.00
18,AW00011017,"Shannon Wang",76,"50 and Above",VIP,3,6434,4,4,33,2013-10-14,3,2144.67,194.97
19,AW00011018,"Clarence Rai",70,"50 and Above",VIP,3,6533,7,7,33,2013-10-24,3,2177.67,197.97
20,AW00011019,"Luke Lal",42,40-49,New,17,880,33,20,11,2014-01-12,0,51.76,80.00
21,AW00011020,"Jordan King",42,40-49,New,1,2317,2,2,0,2012-12-29,12,2317.00,2317.00
22,AW00011021,"Destiny Wilson",42,40-49,New,1,2372,3,3,0,2013-01-23,12,2372.00,2372.00
23,AW00011022,"Ethan Zhang",42,40-49,New,1,2322,2,2,0,2013-01-20,12,2322.00,2322.00
24,AW00011023,"Seth Edwards",42,40-49,New,2,122,6,6,10,2014-01-14,0,61.00,12.20
25,AW00011024,"Russell Xie",42,40-49,New,2,56,6,5,0,2013-07-26,6,28.00,56.00
26,AW00011025,"Alejandro Beck",74,"50 and Above",VIP,3,6577,6,6,33,2013-10-25,3,2192.33,199.30
27,AW00011026,"Harold Sai",74,"50 and Above",VIP,3,6575,7,7,32,2013-10-15,3,2191.67,205.47
28,AW00011027,"Jessie Zhao",74,"50 and Above",VIP,3,6591,9,9,33,2013-10-24,3,2197.00,199.73
29,AW00011028,"Jill Jimenez",74,"50 and Above",VIP,3,6474,5,5,32,2013-10-07,3,2158.00,202.31
30,AW00011029,"Jimmy Moreno",74,"50 and Above",VIP,3,6565,7,7,33,2013-11-11,2,2188.33,198.94
31,AW00011030,"Bethany Yuan",68,"50 and Above",VIP,3,6471,4,4,33,2013-11-09,2,2157.00,196.09
32,AW00011031,"Theresa Ramos",73,"50 and Above",VIP,3,6478,6,6,33,2013-11-13,2,2159.33,196.30
33,AW00011032,"Denise Stone",73,"50 and Above",VIP,3,6525,10,10,32,2013-11-08,2,2175.00,203.91
34,AW00011033,"Jaime Nath",67,"50 and Above",VIP,3,6495,7,7,32,2013-11-05,2,2165.00,202.97
35,AW00011034,"Ebony Gonzalez",73,"50 and Above",VIP,3,6491,4,4,33,2013-11-10,2,2163.67,196.70
36,AW00011035,"Wendy Dominguez",72,"50 and Above",VIP,3,6451,5,5,33,2013-11-15,2,2150.33,195.48
37,AW00011036,"Jennifer Russell",42,40-49,New,1,2355,2,2,0,2013-01-22,12,2355.00,2355.00
38,AW00011037,"Chloe Garcia",43,40-49,New,1,2374,7,7,0,2013-01-20,12,2374.00,2374.00
39,AW00011038,"Diana Hernandez",72,"50 and Above",VIP,3,6437,3,3,33,2013-11-12,2,2145.67,195.06
40,AW00011039,"Marc Martin",72,"50 and Above",VIP,3,6636,9,8,33,2013-11-11,2,2212.00,201.09
41,AW00011040,"Jesse Murphy",43,40-49,New,1,2351,3,3,0,2013-04-03,9,2351.00,2351.00
42,AW00011041,"Amanda Carter",43,40-49,New,1,2381,3,3,0,2013-01-14,12,2381.00,2381.00
43,AW00011042,"Megan Sanchez",43,40-49,New,2,3112,3,3,8,2013-10-17,3,1556.00,389.00
44,AW00011043,"Nathan Simmons",44,40-49,New,2,48,3,3,3,2013-08-18,5,24.00,16.00
45,AW00011044,"Adam Flores",71,"50 and Above",VIP,3,6515,7,7,32,2013-11-08,2,2171.67,203.59
46,AW00011045,"Leonard Nara",70,"50 and Above",New,2,115,4,4,6,2013-10-29,2,57.50,19.17
47,AW00011046,"Christine Yuan",70,"50 and Above",VIP,3,6616,6,6,33,2013-11-12,2,2205.33,200.48
48,AW00011047,"Jaclyn Lu",70,"50 and Above",VIP,3,6582,4,4,33,2013-11-19,2,2194.00,199.45
49,AW00011048,"Jeremy Powell",70,"50 and Above",VIP,3,6498,8,8,34,2013-12-25,1,2166.00,191.12
50,AW00011049,"Carol Rai",40,40-49,New,2,81,5,5,7,2013-10-29,2,40.50,11.57
51,AW00011050,"Alan Zheng",69,"50 and Above",VIP,3,5007,6,6,32,2013-11-19,2,1669.00,156.47
52,AW00011051,"Daniel Johnson",69,"50 and Above",New,2,124,5,5,0,2014-01-01,0,62.00,124.00
53,AW00011052,"Heidi Lopez",69,"50 and Above",VIP,3,8131,7,7,27,2013-05-27,8,2710.33,301.15
54,AW00011053,"Ana Price",40,40-49,New,1,2330,2,2,0,2013-01-17,12,2330.00,2330.00
55,AW00011054,"Deanna Munoz",68,"50 and Above",VIP,3,8223,6,6,27,2013-05-30,7,2741.00,304.56
56,AW00011055,"Gilbert Raje",68,"50 and Above",VIP,3,8168,8,8,28,2013-06-07,7,2722.67,291.71
57,AW00011056,"Michele Nath",67,"50 and Above",VIP,3,8207,8,8,27,2013-05-31,7,2735.67,303.96
58,AW00011057,"Carl Andersen",56,"50 and Above",VIP,3,8088,4,4,26,2013-05-21,8,2696.00,311.08
59,AW00011058,"Marc Diaz",61,"50 and Above",VIP,3,8248,6,6,26,2013-06-04,7,2749.33,317.23
60,AW00011059,"Ashlee Andersen",66,"50 and Above",New,3,117,7,6,0,2013-03-16,10,39.00,117.00
61,AW00011060,"Jon Zhou",66,"50 and Above",VIP,3,8153,6,6,27,2013-06-25,7,2717.67,301.96
62,AW00011061,"Todd Gao",50,"50 and Above",VIP,3,8129,6,6,27,2013-06-14,7,2709.67,301.07
63,AW00011062,"Noah Powell",45,40-49,New,1,2352,3,3,0,2013-01-07,12,2352.00,2352.00
64,AW00011063,"Angela Murphy",45,40-49,New,1,2373,5,5,0,2013-01-12,12,2373.00,2373.00
65,AW00011064,"Chase Reed",45,40-49,New,1,2305,2,2,0,2013-01-25,12,2305.00,2305.00
66,AW00011065,"Jessica Henderson",47,40-49,New,2,202,5,4,11,2014-01-10,0,101.00,18.36
67,AW00011066,"Grace Butler",47,40-49,New,2,81,5,5,3,2013-09-19,4,40.50,27.00
68,AW00011067,"Caleb Carter",44,40-49,New,2,105,6,6,4,2014-01-12,0,52.50,26.25
69,AW00011068,"Tiffany Liang",59,"50 and Above",New,3,113,9,8,5,2013-10-08,3,37.67,22.60
70,AW00011069,"Carolyn Navarro",59,"50 and Above",VIP,3,8104,3,3,25,2013-06-04,7,2701.33,324.16
71,AW00011070,"Willie Raji",65,"50 and Above",VIP,3,8165,10,9,25,2013-06-26,7,2721.67,326.60
72,AW00011071,"Linda Serrano",65,"50 and Above",New,3,110,7,6,9,2013-12-01,1,36.67,12.22
73,AW00011072,"Casey Luo",65,"50 and Above",VIP,3,8194,7,7,26,2013-06-15,7,2731.33,315.15
74,AW00011073,"Amy Ye",64,"50 and Above",New,3,192,10,9,4,2013-08-21,5,64.00,48.00
75,AW00011074,"Levi Arun",64,"50 and Above",New,3,94,7,7,2,2013-05-27,8,31.33,47.00
76,AW00011075,"Felicia Jimenez",63,"50 and Above",VIP,3,8068,5,5,25,2013-06-24,7,2689.33,322.72
77,AW00011076,"Blake Anderson",63,"50 and Above",VIP,3,8159,4,4,26,2013-06-21,7,2719.67,313.81
78,AW00011077,"Leah Ye",63,"50 and Above",VIP,3,8169,5,5,25,2013-06-12,7,2723.00,326.76
79,AW00011078,"Gina Martin",41,40-49,New,17,912,31,23,11,2014-01-28,0,53.65,82.91
80,AW00011079,"Donald Gonzalez",56,"50 and Above",New,3,58,5,5,9,2014-01-01,0,19.33,6.44
81,AW00011080,"Damien Chander",61,"50 and Above",VIP,3,8204,7,7,26,2013-06-23,7,2734.67,315.54
82,AW00011081,"Savannah Baker",54,"50 and Above",New,2,104,5,5,2,2013-04-13,9,52.00,52.00
83,AW00011082,"Angela Butler",54,"50 and Above",New,2,3110,6,6,9,2013-11-06,2,1555.00,345.56
84,AW00011083,"Alyssa Cox",49,40-49,New,2,3137,5,5,10,2013-11-08,2,1568.50,313.70
85,AW00011084,"Lucas Phillips",63,"50 and Above",New,2,3078,5,5,10,2013-11-21,2,1539.00,307.80
86,AW00011085,"Emily Johnson",63,"50 and Above",New,2,129,5,5,1,2014-01-08,0,64.50,129.00
87,AW00011086,"Ryan Brown",62,"50 and Above",New,2,153,6,6,5,2013-12-21,1,76.50,30.60
88,AW00011087,"Tamara Liang",63,"50 and Above",New,2,200,4,4,5,2013-08-09,5,100.00,40.00
89,AW00011088,"Hunter Davis",63,"50 and Above",New,2,3176,7,7,9,2013-11-12,2,1588.00,352.89
90,AW00011089,"Abigail Price",63,"50 and Above",New,2,3188,7,7,10,2013-11-18,2,1594.00,318.80
91,AW00011090,"Trevor Bryant",57,"50 and Above",VIP,3,6703,6,6,27,2013-11-21,2,2234.33,248.26
92,AW00011091,"Dalton Perez",63,"50 and Above",New,28,1186,59,25,11,2014-01-08,0,42.36,107.82
93,AW00011092,"Cheryl Diaz",53,"50 and Above",VIP,3,8110,5,5,26,2013-06-21,7,2703.33,311.92
94,AW00011093,"Aimee He",47,40-49,VIP,3,8180,7,7,26,2013-06-08,7,2726.67,314.62
95,AW00011094,"Cedric Ma",58,"50 and Above",New,3,236,8,8,9,2014-01-11,0,78.67,26.22
96,AW00011095,"Chad Kumar",58,"50 and Above",VIP,3,8158,7,7,26,2013-06-25,7,2719.33,313.77
97,AW00011096,"Andr├®s Anand",58,"50 and Above",VIP,3,8063,4,4,27,2013-07-30,5,2687.67,298.63
98,AW00011097,"Edwin Nara",53,"50 and Above",VIP,3,8099,5,5,27,2013-07-24,6,2699.67,299.96
99,AW00011098,"Mallory Rubio",59,"50 and Above",New,3,89,4,4,8,2013-10-16,3,29.67,11.13
100,AW00011099,"Adam Ross",59,"50 and Above",VIP,3,8216,9,8,26,2013-07-01,6,2738.67,316.00
101,AW00011100,"Latasha Navarro",60,"50 and Above",VIP,3,8172,7,7,27,2013-08-07,5,2724.00,302.67
102,AW00011101,"Abby Sai",55,"50 and Above",VIP,3,8262,7,7,26,2013-06-29,6,2754.00,317.77
103,AW00011102,"Julia Nelson",55,"50 and Above",New,3,103,5,5,4,2013-12-09,1,34.33,25.75
104,AW00011103,"Cassie Chande",45,40-49,VIP,3,8182,8,8,25,2013-06-06,7,2727.33,327.28
105,AW00011104,"Edgar Sara",51,"50 and Above",VIP,3,8173,6,6,25,2013-06-15,7,2724.33,326.92
106,AW00011105,"Candace Fernandez",55,"50 and Above",VIP,3,8096,5,5,24,2013-06-05,7,2698.67,337.33
107,AW00011106,"Jessie Liu",56,"50 and Above",VIP,3,8079,3,3,24,2013-06-15,7,2693.00,336.63
108,AW00011107,"Bianca Lin",50,"50 and Above",VIP,3,8171,6,6,25,2013-06-21,7,2723.67,326.84
109,AW00011108,"Kari Alvarez",57,"50 and Above",VIP,3,8124,5,5,25,2013-06-23,7,2708.00,324.96
110,AW00011109,"Ruben Kapoor",46,40-49,VIP,3,8245,8,8,25,2013-06-24,7,2748.33,329.80
111,AW00011110,"Curtis Yang",58,"50 and Above",VIP,3,8093,5,5,27,2013-08-20,5,2697.67,299.74
112,AW00011111,"Meredith Gutierrez",58,"50 and Above",VIP,3,8137,8,8,27,2013-08-22,5,2712.33,301.37
113,AW00011112,"Crystal Wang",58,"50 and Above",VIP,3,8295,6,6,27,2013-09-02,4,2765.00,307.22
114,AW00011113,"Micheal Blanco",53,"50 and Above",New,3,110,7,7,2,2013-04-21,9,36.67,55.00
115,AW00011114,"Leslie Moreno",58,"50 and Above",New,3,123,7,6,9,2013-12-26,1,41.00,13.67
116,AW00011115,"Alvin Cai",58,"50 and Above",New,3,114,6,6,10,2014-01-02,0,38.00,11.40
117,AW00011116,"Clinton Carlson",47,40-49,New,3,149,7,7,7,2013-10-16,3,49.67,21.29
118,AW00011117,"April Deng",59,"50 and Above",VIP,3,8185,8,8,25,2013-06-25,7,2728.33,327.40
119,AW00011118,"Alvin Zeng",63,"50 and Above",New,3,124,8,6,6,2014-01-26,0,41.33,20.67
120,AW00011119,"Evan James",85,"50 and Above",New,2,85,4,4,9,2013-11-23,2,42.50,9.44
121,AW00011120,"Beth Jim├®nez",84,"50 and Above",VIP,3,8242,10,10,28,2013-09-19,4,2747.33,294.36
122,AW00011121,"Orlando Suarez",60,"50 and Above",New,3,58,6,5,4,2013-11-04,2,19.33,14.50
123,AW00011122,"Byron Vazquez",60,"50 and Above",New,3,43,3,3,6,2013-08-22,5,14.33,7.17
124,AW00011123,"Philip Alvarez",60,"50 and Above",New,3,150,8,7,9,2014-01-25,0,50.00,16.67
125,AW00011124,"Ross Jordan",57,"50 and Above",VIP,3,8129,6,6,25,2013-06-18,7,2709.67,325.16
126,AW00011125,"Dana Navarro",64,"50 and Above",New,3,79,7,7,5,2013-07-03,6,26.33,15.80
127,AW00011126,"Shaun Carson",71,"50 and Above",Regular,3,4971,8,7,29,2013-11-03,2,1657.00,171.41
128,AW00011127,"Jan Edwards",45,40-49,New,2,44,3,3,5,2013-10-01,3,22.00,8.80
129,AW00011128,"Samantha Long",45,40-49,New,2,144,7,7,1,2013-08-12,5,72.00,144.00
130,AW00011129,"Julia Wright",45,40-49,VIP,2,5873,2,2,17,2013-01-09,12,2936.50,345.47
131,AW00011130,"Caroline Russell",40,40-49,New,1,37,2,2,0,2013-12-09,1,37.00,37.00
132,AW00011131,"Amanda Rivera",40,40-49,New,5,166,9,9,3,2014-01-23,0,33.20,55.33
133,AW00011132,"Melissa Richardson",40,40-49,New,1,2372,6,6,0,2013-04-09,9,2372.00,2372.00
134,AW00011133,"Angela Griffin",40,40-49,New,1,72,4,4,0,2013-12-30,0,72.00,72.00
135,AW00011134,"Larry Townsend",69,"50 and Above",Regular,3,4911,3,3,30,2013-11-03,2,1637.00,163.70
136,AW00011135,"Marcus Harris",41,40-49,New,1,2335,3,3,0,2013-04-18,9,2335.00,2335.00
137,AW00011136,"Brianna Morgan",42,40-49,New,1,2381,3,3,0,2013-01-03,12,2381.00,2381.00
138,AW00011137,"Jasmine Taylor",42,40-49,New,2,202,5,4,5,2014-01-20,0,101.00,40.40
139,AW00011138,"Lauren Davis",42,40-49,New,2,79,4,4,3,2013-12-31,0,39.50,26.33
140,AW00011139,"Tanya Moreno",76,"50 and Above",New,2,84,3,3,1,2013-10-17,3,42.00,84.00
141,AW00011140,"Javier Alvarez",43,40-49,New,1,40,2,2,0,2013-03-19,10,40.00,40.00
142,AW00011141,"Nicole Ramirez",43,40-49,New,2,114,5,5,4,2013-09-28,4,57.00,28.50
143,AW00011142,"Eduardo Patterson",43,40-49,New,17,979,36,23,11,2014-01-13,0,57.59,89.00
144,AW00011143,"Jonathan Henderson",43,40-49,New,2,48,5,4,6,2013-12-19,1,24.00,8.00
145,AW00011144,"Edward Hernandez",41,40-49,New,1,2400,3,3,0,2013-01-25,12,2400.00,2400.00
146,AW00011145,"Jasmine Coleman",41,40-49,New,1,2310,3,3,0,2013-01-25,12,2310.00,2310.00
147,AW00011146,"Karla Goel",81,"50 and Above",New,3,113,7,6,7,2013-09-15,4,37.67,16.14
148,AW00011147,"Ernest Wu",81,"50 and Above",VIP,3,8195,7,7,29,2013-10-16,3,2731.67,282.59
149,AW00011148,"Ross Vazquez",79,"50 and Above",New,3,126,6,5,8,2013-12-03,1,42.00,15.75
150,AW00011149,"Theodore Gill",79,"50 and Above",New,3,41,4,4,5,2013-11-29,1,13.67,8.20
151,AW00011150,"Russell Shen",79,"50 and Above",New,3,192,8,7,3,2013-07-15,6,64.00,64.00
152,AW00011151,"Melinda Gill",78,"50 and Above",VIP,3,8087,6,6,29,2013-10-20,3,2695.67,278.86
153,AW00011152,"James Williams",44,40-49,New,1,2295,1,1,0,2013-01-09,12,2295.00,2295.00
154,AW00011153,"Angela James",44,40-49,New,2,110,5,5,0,2013-03-29,9,55.00,110.00
155,AW00011154,"Megan Walker",44,40-49,New,1,2320,1,1,0,2013-01-10,12,2320.00,2320.00
156,AW00011155,"Hunter Robinson",44,40-49,New,1,2320,1,1,0,2013-01-06,12,2320.00,2320.00
157,AW00011156,"Maria Roberts",44,40-49,New,1,2390,4,4,0,2013-01-08,12,2390.00,2390.00
158,AW00011157,"Hannah Long",45,40-49,New,2,41,3,3,1,2013-09-11,4,20.50,41.00
159,AW00011158,"Jason Wright",45,40-49,New,1,2396,3,3,0,2013-01-19,12,2396.00,2396.00
160,AW00011159,"Brianna Hughes",45,40-49,New,2,48,5,4,1,2013-11-07,2,24.00,48.00
161,AW00011160,"Maurice Tang",46,40-49,New,1,2322,2,2,0,2013-02-21,11,2322.00,2322.00
162,AW00011161,"Emily Wood",46,40-49,New,2,94,6,6,5,2013-11-11,2,47.00,18.80
163,AW00011162,"Chase Cox",46,40-49,New,1,2330,2,2,0,2013-02-18,11,2330.00,2330.00
164,AW00011163,"Gabriel Wang",46,40-49,New,2,46,4,4,3,2013-08-05,5,23.00,15.33
165,AW00011164,"Devin Brooks",46,40-49,New,2,145,6,6,3,2013-08-05,5,72.50,48.33
166,AW00011165,"Jocelyn Alexander",47,40-49,New,2,103,3,3,0,2013-06-05,7,51.50,103.00
167,AW00011166,"Ashley Martinez",48,40-49,New,2,88,5,5,1,2013-12-06,1,44.00,88.00
168,AW00011167,"Jasmine Barnes",48,40-49,New,2,3126,4,4,10,2013-11-28,2,1563.00,312.60
169,AW00011168,"David Rodriguez",52,"50 and Above",New,2,3136,7,7,10,2013-11-16,2,1568.00,313.60
170,AW00011169,"Bryce Richardson",52,"50 and Above",New,2,81,5,5,3,2013-09-24,4,40.50,27.00
171,AW00011170,"Carol Howard",52,"50 and Above",New,2,157,7,7,4,2013-12-29,0,78.50,39.25
172,AW00011171,"Jonathan Hill",47,40-49,VIP,3,6716,8,8,26,2013-11-07,2,2238.67,258.31
173,AW00011172,"Gabrielle Adams",53,"50 and Above",New,2,129,7,6,8,2014-01-11,0,64.50,16.13
174,AW00011173,"Sarah Thomas",53,"50 and Above",New,2,103,3,3,9,2013-12-24,1,51.50,11.44
175,AW00011174,"Nicholas Robinson",53,"50 and Above",New,2,48,5,4,0,2013-07-25,6,24.00,48.00
176,AW00011175,"Luis Wang",57,"50 and Above",VIP,3,6710,8,8,26,2013-11-03,2,2236.67,258.08
177,AW00011176,"Mason Roberts",47,40-49,New,28,1317,60,27,11,2014-01-27,0,47.04,119.73
178,AW00011177,"Jose Flores",78,"50 and Above",New,2,135,6,6,6,2013-10-14,3,67.50,22.50
179,AW00011178,"Nathan Johnson",71,"50 and Above",New,2,145,6,6,3,2013-05-26,8,72.50,48.33
180,AW00011179,"Molly Rodriguez",66,"50 and Above",New,2,125,6,6,9,2014-01-09,0,62.50,13.89
181,AW00011180,"April Anand",77,"50 and Above",New,2,138,6,6,6,2013-09-25,4,69.00,23.00
182,AW00011181,"Devin Martin",66,"50 and Above",New,2,41,3,3,2,2013-07-11,6,20.50,20.50
183,AW00011182,"Stephanie Torres",76,"50 and Above",New,2,81,5,5,4,2014-01-05,0,40.50,20.25
184,AW00011183,"Jasmine Lee",76,"50 and Above",New,2,46,4,4,1,2013-06-13,7,23.00,46.00
185,AW00011184,"Meghan Hernandez",70,"50 and Above",New,2,68,5,5,1,2013-10-09,3,34.00,68.00
186,AW00011185,"Ashley Henderson",76,"50 and Above",New,27,1616,68,29,11,2014-01-26,0,59.85,146.91
187,AW00011186,"Sarah Price",76,"50 and Above",New,2,41,3,3,2,2014-01-07,0,20.50,20.50
188,AW00011187,"Jennifer Cooper",76,"50 and Above",New,2,108,4,4,4,2013-08-06,5,54.00,27.00
189,AW00011188,"Catherine Morris",76,"50 and Above",New,2,81,5,5,2,2014-01-21,0,40.50,40.50
190,AW00011189,"Lawrence Blanco",76,"50 and Above",VIP,2,5944,6,6,17,2013-02-05,11,2972.00,349.65
191,AW00011190,"Carson Bryant",76,"50 and Above",New,2,46,4,4,4,2014-01-16,0,23.00,11.50
192,AW00011191,"Kristi Perez",75,"50 and Above",VIP,3,6743,7,7,26,2013-11-06,2,2247.67,259.35
193,AW00011192,"James Brown",75,"50 and Above",New,2,114,5,5,3,2013-09-25,4,57.00,38.00
194,AW00011193,"Ian Gray",75,"50 and Above",New,2,41,3,3,5,2013-08-18,5,20.50,8.20
195,AW00011194,"Jacqueline Price",75,"50 and Above",New,2,105,6,6,8,2013-12-08,1,52.50,13.13
196,AW00011195,"Megan Henderson",74,"50 and Above",New,2,105,6,6,6,2013-10-22,3,52.50,17.50
197,AW00011196,"Alfredo Romero",74,"50 and Above",New,2,162,4,4,6,2013-09-24,4,81.00,27.00
198,AW00011197,"Andrea Morris",74,"50 and Above",New,2,207,6,5,2,2013-07-20,6,103.50,103.50
199,AW00011198,"Brooke Sanders",74,"50 and Above",New,2,98,4,4,0,2013-02-13,11,49.00,98.00
200,AW00011199,"Jacqueline Bennett",68,"50 and Above",New,2,132,6,6,6,2013-10-17,3,66.00,22.00
201,AW00011200,"Jason Griffin",73,"50 and Above",New,27,1461,55,26,11,2014-01-20,0,54.11,132.82
202,AW00011201,"Amanda Foster",73,"50 and Above",New,2,181,6,6,2,2013-09-09,4,90.50,90.50
203,AW00011202,"Alexia Price",67,"50 and Above",New,2,74,3,3,0,2013-09-21,4,37.00,74.00
204,AW00011203,"Luis Diaz",66,"50 and Above",New,17,800,32,19,9,2013-12-11,1,47.06,88.89
205,AW00011204,"Destiny Rivera",72,"50 and Above",New,2,77,4,4,3,2013-11-10,2,38.50,25.67
206,AW00011205,"Abby Fernandez",72,"50 and Above",New,2,37,2,2,2,2013-10-08,3,18.50,18.50
207,AW00011206,"Blake Flores",72,"50 and Above",New,2,77,4,4,0,2013-05-30,7,38.50,77.00
208,AW00011207,"Danielle Cox",72,"50 and Above",New,2,77,4,4,8,2013-10-18,3,38.50,9.63
209,AW00011208,"Maria Reed",72,"50 and Above",New,2,134,7,7,6,2013-09-17,4,67.00,22.33
210,AW00011209,"Allison Evans",72,"50 and Above",New,2,37,2,2,9,2014-01-22,0,18.50,4.11
211,AW00011210,"Edward Wood",72,"50 and Above",New,2,70,5,5,4,2013-09-06,4,35.00,17.50
212,AW00011211,"Samantha Russell",65,"50 and Above",New,17,792,33,22,11,2014-01-07,0,46.59,72.00
213,AW00011212,"Chloe Campbell",71,"50 and Above",New,17,824,33,20,11,2014-01-17,0,48.47,74.91
214,AW00011213,"Stephanie Murphy",71,"50 and Above",New,2,77,4,4,5,2013-09-09,4,38.50,15.40
215,AW00011214,"Charles Miller",71,"50 and Above",New,2,162,4,4,3,2013-11-19,2,81.00,54.00
216,AW00011215,"Ana Perry",65,"50 and Above",New,17,1154,32,21,10,2013-12-15,1,67.88,115.40
217,AW00011216,"Jasmine Torres",70,"50 and Above",VIP,2,5948,5,5,17,2013-02-05,11,2974.00,349.88
218,AW00011217,"Natalie Adams",70,"50 and Above",VIP,2,5953,3,3,18,2013-02-14,11,2976.50,330.72
219,AW00011218,"Olivia Brown",64,"50 and Above",New,2,39,3,2,10,2014-01-04,0,19.50,3.90
220,AW00011219,"Charles Cook",70,"50 and Above",New,2,39,3,2,2,2014-01-24,0,19.50,19.50
221,AW00011220,"Erica Huang",65,"50 and Above",New,2,50,4,4,8,2013-12-13,1,25.00,6.25
222,AW00011221,"Nathan Perry",70,"50 and Above",New,2,46,4,4,6,2013-10-17,3,23.00,7.67
223,AW00011222,"Alexandra Rivera",70,"50 and Above",New,2,208,6,6,0,2013-11-28,2,104.00,208.00
224,AW00011223,"Hailey Patterson",69,"50 and Above",New,27,1293,65,26,11,2014-01-06,0,47.89,117.55
225,AW00011224,"Tiffany Li",69,"50 and Above",VIP,3,6685,5,5,27,2013-12-03,1,2228.33,247.59
226,AW00011225,"Madison Lee",64,"50 and Above",New,2,73,5,5,2,2013-09-06,4,36.50,36.50
227,AW00011226,"Sydney Ross",63,"50 and Above",New,2,37,2,2,1,2013-03-31,9,18.50,37.00
228,AW00011227,"Marshall Chavez",63,"50 and Above",VIP,2,5910,5,5,18,2013-02-10,11,2955.00,328.33
229,AW00011228,"Ashley Jones",69,"50 and Above",New,2,77,4,4,2,2014-01-17,0,38.50,38.50
230,AW00011229,"Adrian Stewart",69,"50 and Above",New,2,81,5,5,5,2014-01-25,0,40.50,16.20
231,AW00011230,"Amber Turner",69,"50 and Above",New,2,54,5,5,4,2013-12-09,1,27.00,13.50
232,AW00011231,"Dennis Zhang",62,"50 and Above",New,2,64,4,4,9,2013-11-12,2,32.00,7.11
233,AW00011232,"Hailey Bryant",68,"50 and Above",New,2,39,3,2,1,2013-11-13,2,19.50,39.00
234,AW00011233,"Todd Li",62,"50 and Above",New,2,179,7,7,4,2013-06-08,7,89.50,44.75
235,AW00011234,"Anna Griffin",68,"50 and Above",New,2,76,4,4,7,2013-09-19,4,38.00,10.86
236,AW00011235,"Angel Stewart",68,"50 and Above",New,2,138,6,5,6,2014-01-05,0,69.00,23.00
237,AW00011236,"Jeremy Butler",68,"50 and Above",New,2,114,5,5,3,2014-01-06,0,57.00,38.00
238,AW00011237,"Clarence Anand",62,"50 and Above",VIP,4,10566,6,6,26,2013-11-25,2,2641.50,406.38
239,AW00011238,"Mayra Prasad",62,"50 and Above",VIP,4,7543,9,9,27,2013-04-30,8,1885.75,279.37
240,AW00011239,"Latoya Goel",56,"50 and Above",VIP,4,7511,11,11,28,2013-05-28,8,1877.75,268.25
241,AW00011240,"Anne Hernandez",62,"50 and Above",VIP,4,7586,13,10,26,2013-05-13,8,1896.50,291.77
242,AW00011241,"Lisa Cai",52,"50 and Above",VIP,7,11468,25,20,13,2013-10-29,2,1638.29,882.15
243,AW00011242,"Larry Munoz",63,"50 and Above",VIP,7,11067,12,12,14,2013-12-04,1,1581.00,790.50
244,AW00011243,"Robin Alvarez",63,"50 and Above",VIP,4,7164,12,10,27,2013-06-09,7,1791.00,265.33
245,AW00011244,"Alexis Coleman",57,"50 and Above",VIP,4,7175,12,11,29,2013-07-19,6,1793.75,247.41
246,AW00011245,"Ricky Vazquez",64,"50 and Above",VIP,4,10580,9,9,26,2013-12-11,1,2645.00,406.92
247,AW00011246,"Latasha Rubio",64,"50 and Above",VIP,4,10575,7,7,26,2013-12-20,1,2643.75,406.73
248,AW00011247,"Claudia Zhou",64,"50 and Above",VIP,4,7131,12,11,29,2013-08-17,5,1782.75,245.90
249,AW00011248,"Tristan Alexander",60,"50 and Above",New,1,38,3,3,0,2013-07-14,6,38.00,38.00
250,AW00011249,"Cindy Patel",59,"50 and Above",VIP,4,9890,11,11,23,2013-09-15,4,2472.50,430.00
251,AW00011250,"Shannon Liu",60,"50 and Above",VIP,4,7115,11,10,28,2013-08-06,5,1778.75,254.11
252,AW00011251,"Xavier Long",88,"50 and Above",New,1,2319,4,4,0,2013-10-18,3,2319.00,2319.00
253,AW00011252,"Nicholas Thompson",88,"50 and Above",VIP,3,6685,7,7,28,2013-12-18,1,2228.33,238.75
254,AW00011253,"Jos├® Hernandez",76,"50 and Above",New,16,695,30,16,9,2013-12-03,1,43.44,77.22
255,AW00011254,"Johnathan Vance",87,"50 and Above",New,2,204,9,9,0,2013-12-14,1,102.00,204.00
256,AW00011255,"Colin Lin",87,"50 and Above",New,2,114,5,5,1,2013-03-31,9,57.00,114.00
257,AW00011256,"Katelyn Hernandez",87,"50 and Above",New,2,81,5,5,6,2013-10-16,3,40.50,13.50
258,AW00011257,"Jacqueline Powell",NULL,"50 and Above",VIP,3,6676,6,6,27,2013-12-14,1,2225.33,247.26
259,AW00011258,"Xavier Hill",87,"50 and Above",New,2,49,4,4,1,2013-07-15,6,24.50,49.00
260,AW00011259,"Victoria Stewart",55,"50 and Above",VIP,3,6770,5,5,27,2013-12-20,1,2256.67,250.74
261,AW00011260,"Katelyn Kelly",50,"50 and Above",New,2,81,5,5,4,2013-06-23,7,40.50,20.25
262,AW00011261,"Stephanie Collins",55,"50 and Above",VIP,3,6650,4,4,26,2013-12-23,1,2216.67,255.77
263,AW00011262,"Jennifer Simmons",51,"50 and Above",New,27,1124,63,26,10,2014-01-22,0,41.63,112.40
264,AW00011263,"Trinity Richardson",56,"50 and Above",VIP,3,6753,9,9,27,2013-12-10,1,2251.00,250.11
265,AW00011264,"Eduardo Martin",56,"50 and Above",New,2,3182,8,8,10,2013-11-30,1,1591.00,318.20
266,AW00011265,"Elizabeth Jones",56,"50 and Above",New,1,2352,3,3,0,2013-01-03,12,2352.00,2352.00
267,AW00011266,"Taylor Howard",56,"50 and Above",VIP,2,5922,5,5,16,2013-01-20,12,2961.00,370.13
268,AW00011267,"David Diaz",50,"50 and Above",VIP,2,5943,5,5,15,2013-01-07,12,2971.50,396.20
269,AW00011268,"Katelyn Carter",56,"50 and Above",New,2,98,5,5,5,2013-11-16,2,49.00,19.60
270,AW00011269,"Ryan Foster",50,"50 and Above",New,2,42,3,3,0,2013-09-10,4,21.00,42.00
271,AW00011270,"Robert Lee",51,"50 and Above",VIP,2,5984,5,5,15,2013-01-07,12,2992.00,398.93
272,AW00011271,"Danielle Reed",56,"50 and Above",VIP,2,5973,5,5,15,2013-01-22,12,2986.50,398.20
273,AW00011272,"Lauren Martinez",64,"50 and Above",VIP,2,5975,4,4,15,2013-01-13,12,2987.50,398.33
274,AW00011273,"Nathan Lal",64,"50 and Above",New,2,273,8,8,0,2013-05-23,8,136.50,273.00
275,AW00011274,"Kyle Foster",86,"50 and Above",VIP,2,5888,4,4,17,2013-02-24,11,2944.00,346.35
276,AW00011275,"Jenny Rai",86,"50 and Above",VIP,2,5955,4,4,16,2013-01-12,12,2977.50,372.19
277,AW00011276,"Nancy Chapman",51,"50 and Above",New,27,987,57,22,11,2014-01-22,0,36.56,89.73
278,AW00011277,"Charles Jackson",57,"50 and Above",New,27,1434,65,26,11,2014-01-16,0,53.11,130.36
279,AW00011278,"Jonathan Phillips",57,"50 and Above",VIP,2,5908,3,3,15,2013-01-03,12,2954.00,393.87
280,AW00011279,"Amanda Cook",51,"50 and Above",New,2,44,4,3,3,2013-06-22,7,22.00,14.67
281,AW00011280,"Robert Collins",57,"50 and Above",New,2,77,4,4,1,2013-08-08,5,38.50,77.00
282,AW00011281,"Megan Barnes",51,"50 and Above",VIP,2,5921,5,5,15,2013-01-11,12,2960.50,394.73
283,AW00011282,"Christian Thomas",58,"50 and Above",VIP,2,5999,6,6,16,2013-01-02,12,2999.50,374.94
284,AW00011283,"Arturo Lal",58,"50 and Above",New,2,44,4,3,2,2013-08-28,5,22.00,22.00
285,AW00011284,"Theresa Serrano",58,"50 and Above",New,2,55,5,3,2,2013-05-02,8,27.50,27.50
286,AW00011285,"Jeremy Anderson",53,"50 and Above",New,2,128,5,5,2,2013-10-26,3,64.00,64.00
287,AW00011286,"Hunter Griffin",58,"50 and Above",VIP,2,5954,5,5,15,2013-01-20,12,2977.00,396.93
288,AW00011287,"Henry Garcia",59,"50 and Above",New,27,1165,62,23,11,2014-01-28,0,43.15,105.91
289,AW00011288,"Cindy Sanchez",48,40-49,New,2,77,4,4,5,2013-08-21,5,38.50,15.40
290,AW00011289,"Maria Carter",54,"50 and Above",VIP,2,5905,5,5,16,2013-01-16,12,2952.50,369.06
291,AW00011290,"Katelyn Sanchez",53,"50 and Above",VIP,2,5933,3,3,16,2013-01-27,12,2966.50,370.81
292,AW00011291,"Jenna Wright",54,"50 and Above",VIP,2,5873,2,2,16,2013-01-19,12,2936.50,367.06
293,AW00011292,"Seth Phillips",59,"50 and Above",VIP,2,5910,5,5,15,2012-12-31,12,2955.00,394.00
294,AW00011293,"Luke Long",65,"50 and Above",New,2,85,5,5,0,2013-03-15,10,42.50,85.00
295,AW00011294,"Dalton Clark",65,"50 and Above",New,2,42,3,3,3,2014-01-03,0,21.00,14.00
296,AW00011295,"Taylor Lewis",66,"50 and Above",VIP,2,6058,5,5,15,2013-01-09,12,3029.00,403.87
297,AW00011296,"Haley Richardson",85,"50 and Above",VIP,2,5897,4,4,16,2013-01-29,11,2948.50,368.56
298,AW00011297,"Noah Coleman",85,"50 and Above",VIP,2,5948,5,5,16,2013-02-20,11,2974.00,371.75
299,AW00011298,"Jon Luo",85,"50 and Above",VIP,2,5922,5,5,17,2013-02-21,11,2961.00,348.35
300,AW00011299,"Orlando Vazquez",84,"50 and Above",VIP,2,6015,4,4,16,2013-02-24,11,3007.50,375.94
301,AW00011300,"Fernando Barnes",60,"50 and Above",New,27,1499,67,28,11,2013-12-31,0,55.52,136.27
302,AW00011301,"Cameron Rodriguez",60,"50 and Above",New,2,131,5,5,4,2013-10-11,3,65.50,32.75
303,AW00011302,"Spencer Russell",54,"50 and Above",VIP,2,5938,5,5,16,2013-02-02,11,2969.00,371.13
304,AW00011303,"Julia Coleman",60,"50 and Above",VIP,2,5875,3,3,17,2013-02-23,11,2937.50,345.59
305,AW00011304,"Julia Garcia",55,"50 and Above",New,2,122,5,5,1,2013-04-22,9,61.00,122.00
306,AW00011305,"Sean Evans",60,"50 and Above",New,2,77,4,4,4,2013-08-04,5,38.50,19.25
307,AW00011306,"Micah Zhou",60,"50 and Above",New,2,42,3,3,2,2013-09-07,4,21.00,21.00
308,AW00011307,"Hunter Rodriguez",60,"50 and Above",VIP,2,5964,5,5,17,2013-02-08,11,2982.00,350.82
309,AW00011308,"Ian Gonzales",66,"50 and Above",New,2,94,4,4,4,2014-01-15,0,47.00,23.50
310,AW00011309,"Victoria Lewis",66,"50 and Above",New,2,42,3,3,5,2014-01-05,0,21.00,8.40
311,AW00011310,"Erin Sanders",61,"50 and Above",New,2,77,4,4,4,2013-12-24,1,38.50,19.25
312,AW00011311,"Gabrielle Lopez",67,"50 and Above",New,2,77,4,4,4,2013-09-13,4,38.50,19.25
313,AW00011312,"Sara Richardson",67,"50 and Above",New,2,42,3,3,0,2013-06-02,7,21.00,42.00
314,AW00011313,"Trevor Jenkins",67,"50 and Above",New,2,44,4,3,6,2013-11-26,2,22.00,7.33
315,AW00011314,"Mya Flores",56,"50 and Above",New,2,47,4,3,9,2013-12-03,1,23.50,5.22
316,AW00011315,"Hailey Ward",67,"50 and Above",New,2,42,3,3,6,2013-12-17,1,21.00,7.00
317,AW00011316,"Luke Allen",67,"50 and Above",New,1,2350,2,2,0,2013-01-12,12,2350.00,2350.00
318,AW00011317,"Victoria Russell",62,"50 and Above",VIP,2,5873,2,2,17,2013-02-18,11,2936.50,345.47
319,AW00011318,"Jessica Wilson",68,"50 and Above",New,2,44,4,3,0,2013-11-08,2,22.00,44.00
320,AW00011319,"Jade Bailey",78,"50 and Above",VIP,2,5930,4,4,17,2013-02-24,11,2965.00,348.82
321,AW00011320,"Morgan Hill",83,"50 and Above",New,2,72,5,5,2,2013-08-19,5,36.00,36.00
322,AW00011321,"Terrance Raman",82,"50 and Above",New,2,37,2,2,3,2013-05-28,8,18.50,12.33
323,AW00011322,"Sydney Garcia",82,"50 and Above",New,2,44,4,3,1,2013-05-21,8,22.00,44.00
324,AW00011323,"Jose Patterson",82,"50 and Above",VIP,2,6074,6,6,16,2013-01-30,11,3037.00,379.63
325,AW00011324,"Zachary Anderson",81,"50 and Above",VIP,2,5945,4,4,16,2013-02-05,11,2972.50,371.56
326,AW00011325,"Elijah Ross",81,"50 and Above",VIP,2,6044,7,7,16,2013-01-31,11,3022.00,377.75
327,AW00011326,"Rafael Xie",81,"50 and Above",VIP,2,5948,5,5,17,2013-02-20,11,2974.00,349.88
328,AW00011327,"Jaime Moreno",80,"50 and Above",VIP,2,5915,5,5,16,2013-02-01,11,2957.50,369.69
329,AW00011328,"Julian Griffin",80,"50 and Above",New,2,4718,4,4,3,2013-04-07,9,2359.00,1572.67
330,AW00011329,"Andy Alvarez",80,"50 and Above",VIP,2,5898,2,2,16,2013-02-10,11,2949.00,368.63
331,AW00011330,"Ryan Thompson",80,"50 and Above",New,27,1134,57,24,11,2014-01-22,0,42.00,103.09
332,AW00011331,"Samantha Jenkins",52,"50 and Above",New,27,1327,58,24,11,2014-01-24,0,49.15,120.64
333,AW00011332,"Deanna Ramos",58,"50 and Above",VIP,2,5755,3,3,14,2013-01-06,12,2877.50,411.07
334,AW00011333,"Emily Miller",58,"50 and Above",VIP,3,8163,6,6,27,2013-07-14,6,2721.00,302.33
335,AW00011334,"Nicole Brown",59,"50 and Above",VIP,3,8154,6,6,28,2013-07-27,6,2718.00,291.21
336,AW00011335,"Carla Raman",48,40-49,VIP,2,5744,4,4,14,2013-01-04,12,2872.00,410.29
337,AW00011336,"Shaun Raji",53,"50 and Above",New,2,4441,5,5,3,2013-01-05,12,2220.50,1480.33
338,AW00011337,"Jerome Romero",59,"50 and Above",VIP,3,8162,8,7,28,2013-07-19,6,2720.67,291.50
339,AW00011338,"Frank Navarro",53,"50 and Above",VIP,2,5745,5,5,14,2012-12-30,12,2872.50,410.36
340,AW00011339,"Dennis She",59,"50 and Above",New,2,4379,3,3,3,2013-01-25,12,2189.50,1459.67
341,AW00011340,"Melody Munoz",79,"50 and Above",New,2,4413,5,5,2,2013-01-02,12,2206.50,2206.50
342,AW00011341,"Randy Zeng",84,"50 and Above",VIP,3,8192,8,8,27,2013-07-19,6,2730.67,303.41
343,AW00011342,"Marshall Wang",53,"50 and Above",New,1,49,3,3,0,2013-07-12,6,49.00,49.00
344,AW00011343,"Arthur Carlson",51,"50 and Above",VIP,3,8222,9,9,27,2013-07-24,6,2740.67,304.52
345,AW00011344,"Jessie Jimenez",63,"50 and Above",VIP,3,8119,7,7,26,2013-07-23,6,2706.33,312.27
346,AW00011345,"Robin Ramos",63,"50 and Above",New,2,4404,3,3,2,2012-12-31,12,2202.00,2202.00
347,AW00011346,"Deanna Gutierrez",60,"50 and Above",New,2,4503,7,7,4,2013-02-11,11,2251.50,1125.75
348,AW00011347,"Roy Navarro",54,"50 and Above",New,1,14,2,2,0,2013-03-16,10,14.00,14.00
349,AW00011348,"Shawn Rai",65,"50 and Above",New,1,68,3,3,0,2013-03-31,9,68.00,68.00
350,AW00011349,"Mindy Luo",60,"50 and Above",New,1,68,3,3,0,2014-01-13,0,68.00,68.00
351,AW00011350,"Cara Zhou",83,"50 and Above",New,1,38,3,3,0,2013-02-05,11,38.00,38.00
352,AW00011351,"Anne Ramos",76,"50 and Above",VIP,3,8068,5,5,26,2013-08-28,5,2689.33,310.31
353,AW00011352,"Raymond Rodriguez",80,"50 and Above",New,1,14,2,2,0,2013-05-01,8,14.00,14.00
354,AW00011353,"Carrie Ortega",79,"50 and Above",VIP,3,8078,6,6,25,2013-08-08,5,2692.67,323.12
355,AW00011354,"Deanna Suarez",78,"50 and Above",New,1,23,3,3,0,2013-12-03,1,23.00,23.00
356,AW00011355,"Roberto Gutierrez",77,"50 and Above",New,1,14,2,2,0,2013-09-26,4,14.00,14.00
357,AW00011356,"Terrence Carson",40,40-49,VIP,3,5069,8,8,29,2013-10-31,2,1689.67,174.79
358,AW00011357,"Ramon Ye",41,40-49,Regular,3,4943,5,5,28,2013-10-29,2,1647.67,176.54
359,AW00011358,"Cynthia Malhotra",42,40-49,VIP,3,5034,8,8,28,2013-11-14,2,1678.00,179.79
360,AW00011359,"Jarrod Prasad",42,40-49,Regular,3,4959,8,8,29,2013-12-04,1,1653.00,171.00
361,AW00011360,"Tyrone Serrano",42,40-49,VIP,3,5025,6,6,29,2013-12-22,1,1675.00,173.28
362,AW00011361,"Cindy Ramos",43,40-49,New,2,115,4,4,1,2013-11-24,2,57.50,115.00
363,AW00011362,"Damien Shan",43,40-49,New,2,77,3,3,5,2013-09-24,4,38.50,15.40
364,AW00011363,"Julian Ross",43,40-49,VIP,3,5035,5,5,30,2013-12-18,1,1678.33,167.83
365,AW00011364,"Jennifer Collins",41,40-49,Regular,3,4921,4,4,30,2013-12-26,1,1640.33,164.03
366,AW00011365,"Brittney Sun",41,40-49,VIP,3,5024,7,7,30,2013-12-22,1,1674.67,167.47
367,AW00011366,"Virginia Patel",41,40-49,New,2,77,3,3,1,2013-08-15,5,38.50,77.00
368,AW00011367,"Calvin Nara",41,40-49,New,2,86,4,4,4,2013-11-25,2,43.00,21.50
369,AW00011368,"Edward Miller",42,40-49,VIP,3,5105,11,11,29,2013-12-01,1,1701.67,176.03
370,AW00011369,"Ashlee Tang",42,40-49,New,2,119,4,4,5,2013-12-27,1,59.50,23.80
371,AW00011370,"Alicia Xu",42,40-49,New,2,80,3,3,2,2013-10-01,3,40.00,40.00
372,AW00011371,"Lacey Jai",42,40-49,New,2,75,2,2,1,2013-12-28,1,37.50,75.00
373,AW00011372,"Wendy Romero",42,40-49,Regular,3,4965,5,5,30,2013-12-14,1,1655.00,165.50
374,AW00011373,"Carly Luo",71,"50 and Above",New,1,38,3,3,0,2013-08-27,5,38.00,38.00
375,AW00011374,"Jimmy Ortega",77,"50 and Above",New,1,69,3,3,0,2013-04-15,9,69.00,69.00
376,AW00011375,"Francisco Martinez",77,"50 and Above",New,1,14,2,2,0,2013-10-17,3,14.00,14.00
377,AW00011376,"Lance Vazquez",77,"50 and Above",New,1,78,2,2,0,2013-10-15,3,78.00,78.00
378,AW00011377,"David Robinett",59,"50 and Above",New,1,84,3,3,0,2013-02-28,11,84.00,84.00
379,AW00011378,"Shannon Liang",60,"50 and Above",New,2,4436,4,4,3,2013-02-14,11,2218.00,1478.67
380,AW00011379,"Gary Vazquez",50,"50 and Above",New,2,4426,4,4,4,2013-02-26,11,2213.00,1106.50
381,AW00011380,"Mitchell Kumar",61,"50 and Above",VIP,2,5838,6,6,15,2013-02-03,11,2919.00,389.20
382,AW00011381,"Meredith Raman",55,"50 and Above",VIP,3,8161,5,5,26,2013-08-18,5,2720.33,313.88
383,AW00011382,"Edward Patterson",51,"50 and Above",New,2,4344,2,2,3,2013-02-16,11,2172.00,1448.00
384,AW00011383,"Marie Gill",60,"50 and Above",New,1,49,3,3,0,2014-01-01,0,49.00,49.00
385,AW00011384,"Tiffany Wang",54,"50 and Above",New,1,49,3,3,0,2013-08-02,5,49.00,49.00
386,AW00011385,"Miguel Allen",54,"50 and Above",New,1,14,2,2,0,2013-07-06,6,14.00,14.00
387,AW00011386,"Jaclyn Cai",54,"50 and Above",New,1,69,3,3,0,2013-11-02,2,69.00,69.00
388,AW00011387,"Megan Ramirez",61,"50 and Above",VIP,3,6959,6,6,20,2013-04-01,9,2319.67,347.95
389,AW00011388,"Joseph Martin",61,"50 and Above",VIP,3,6987,7,7,21,2013-04-26,9,2329.00,332.71
390,AW00011389,"Karl Shan",45,40-49,New,1,69,3,3,0,2013-11-17,2,69.00,69.00
391,AW00011390,"Christine Raji",50,"50 and Above",New,1,49,3,3,0,2013-11-07,2,49.00,49.00
392,AW00011391,"Lindsay Xie",49,40-49,New,1,34,2,2,0,2013-10-26,3,34.00,34.00
393,AW00011392,"Willie Zhao",45,40-49,New,1,29,1,1,0,2013-03-29,9,29.00,29.00
394,AW00011393,"Kurt Pal",51,"50 and Above",New,1,14,2,2,0,2013-07-16,6,14.00,14.00
395,AW00011394,"George McDonald",51,"50 and Above",VIP,3,8162,7,7,24,2013-08-02,5,2720.67,340.08
396,AW00011395,"Beth Gutierrez",50,"50 and Above",VIP,2,5730,3,3,15,2013-02-20,11,2865.00,382.00
397,AW00011396,"Ian Lopez",51,"50 and Above",New,1,29,1,1,0,2013-10-26,3,29.00,29.00
398,AW00011397,"Latoya Shan",51,"50 and Above",New,1,38,3,3,0,2013-07-07,6,38.00,38.00
399,AW00011398,"Colin Nath",51,"50 and Above",VIP,3,8114,4,4,24,2013-08-02,5,2704.67,338.08
400,AW00011399,"Brenda Mehta",51,"50 and Above",New,1,14,2,2,0,2013-04-13,9,14.00,14.00
401,AW00011400,"Franklin Raji",46,40-49,VIP,3,6968,8,7,24,2013-07-19,6,2322.67,290.33
402,AW00011401,"Linda Navarro",51,"50 and Above",New,3,5020,6,6,4,2013-03-08,10,1673.33,1255.00
403,AW00011402,"Kelli Cai",51,"50 and Above",New,3,5059,10,9,4,2013-04-02,9,1686.33,1264.75
404,AW00011403,"Nancy Schmidt",46,40-49,New,3,5032,9,9,7,2013-05-28,8,1677.33,718.86
405,AW00011404,"Megan Taylor",68,"50 and Above",New,1,34,2,2,0,2013-02-10,11,34.00,34.00
406,AW00011405,"Bonnie Goel",68,"50 and Above",New,1,54,1,1,0,2013-03-31,9,54.00,54.00
407,AW00011406,"Latoya Xu",68,"50 and Above",New,2,4415,6,6,3,2013-02-09,11,2207.50,1471.67
408,AW00011407,"Mario She",68,"50 and Above",New,1,54,1,1,0,2013-06-23,7,54.00,54.00
409,AW00011408,"Darren Gill",62,"50 and Above",New,1,34,3,3,0,2013-03-05,10,34.00,34.00
410,AW00011409,"Jacqueline Hayes",47,40-49,New,2,4444,5,5,2,2013-01-28,12,2222.00,2222.00
411,AW00011410,"Maurice Goel",NULL,"50 and Above",New,2,4464,5,5,2,2013-02-04,11,2232.00,2232.00
412,AW00011411,"Devin Ross",66,"50 and Above",New,1,38,3,3,0,2013-08-04,5,38.00,38.00
413,AW00011412,"Sydney Bryant",66,"50 and Above",VIP,4,9880,11,10,23,2013-10-11,3,2470.00,429.57
414,AW00011413,"Megan Stewart",66,"50 and Above",VIP,4,7190,11,10,24,2013-09-05,4,1797.50,299.58
415,AW00011414,"Ian Richardson",66,"50 and Above",VIP,4,7191,10,10,25,2013-09-15,4,1797.75,287.64
416,AW00011415,"Randy She",76,"50 and Above",New,1,14,2,2,0,2013-08-16,5,14.00,14.00
417,AW00011416,"Katrina Becker",75,"50 and Above",New,3,4928,5,4,5,2013-05-05,8,1642.67,985.60
418,AW00011417,"Lacey Zheng",75,"50 and Above",VIP,7,11248,17,14,13,2013-12-15,1,1606.86,865.23
419,AW00011418,"Rafael Hu",75,"50 and Above",New,1,40,2,2,0,2013-12-17,1,40.00,40.00
420,AW00011419,"Kyle Scott",75,"50 and Above",New,2,231,6,6,3,2013-06-27,7,115.50,77.00
421,AW00011420,"Jordan Turner",74,"50 and Above",VIP,7,11200,17,16,12,2013-11-29,1,1600.00,933.33
422,AW00011421,"Amy Sun",74,"50 and Above",VIP,4,9780,4,4,23,2013-10-09,3,2445.00,425.22
423,AW00011422,"Dustin Deng",74,"50 and Above",VIP,4,7075,10,10,26,2013-11-03,2,1768.75,272.12
424,AW00011423,"Jasmine Stewart",66,"50 and Above",VIP,4,9905,10,10,22,2013-10-20,3,2476.25,450.23
425,AW00011424,"Pamela Garcia",61,"50 and Above",New,1,44,2,2,0,2013-04-21,9,44.00,44.00
426,AW00011425,"Ariana Gray",60,"50 and Above",VIP,6,10528,15,15,12,2013-12-21,1,1754.67,877.33
427,AW00011426,"Kristopher Mehta",67,"50 and Above",New,1,35,1,1,0,2013-04-09,9,35.00,35.00
428,AW00011427,"Desiree Dominguez",67,"50 and Above",VIP,4,9918,9,8,22,2013-10-20,3,2479.50,450.82
429,AW00011428,"Deanna Perez",67,"50 and Above",VIP,4,9954,12,12,22,2013-10-22,3,2488.50,452.45
430,AW00011429,"Marco Lopez",68,"50 and Above",VIP,6,10468,17,14,12,2013-12-24,1,1744.67,872.33
431,AW00011430,"Casey Yuan",68,"50 and Above",New,1,85,2,2,0,2013-03-19,10,85.00,85.00
432,AW00011431,"Bryant Garcia",51,"50 and Above",VIP,4,9913,11,8,21,2013-09-30,3,2478.25,472.05
433,AW00011432,"Dominique Prasad",69,"50 and Above",VIP,6,9330,16,15,12,2013-12-25,1,1555.00,777.50
434,AW00011433,"Maurice Shan",69,"50 and Above",New,6,12914,13,12,9,2013-09-14,4,2152.33,1434.89
435,AW00011434,"Andre Lopez",64,"50 and Above",New,2,70,4,4,1,2013-07-15,6,35.00,70.00
436,AW00011435,"Robin Romero",70,"50 and Above",New,1,35,1,1,0,2014-01-04,0,35.00,35.00
437,AW00011436,"Taylor Cox",70,"50 and Above",New,2,81,4,4,0,2013-06-19,7,40.50,81.00
438,AW00011437,"Alfredo Moreno",71,"50 and Above",New,1,54,1,1,0,2013-12-19,1,54.00,54.00
439,AW00011438,"Jenny Nara",71,"50 and Above",New,1,35,1,1,0,2013-02-05,11,35.00,35.00
440,AW00011439,"Janet Munoz",72,"50 and Above",New,6,12488,14,12,10,2013-10-20,3,2081.33,1248.80
441,AW00011440,"Sergio Weber",73,"50 and Above",New,1,78,2,2,0,2013-03-27,10,78.00,78.00
442,AW00011441,"Erika Gomez",73,"50 and Above",New,1,44,2,2,0,2014-01-08,0,44.00,44.00
443,AW00011442,"Joseph Harris",73,"50 and Above",New,1,35,1,1,0,2013-09-29,3,35.00,35.00
444,AW00011443,"Grace Griffin",44,40-49,VIP,3,8235,8,8,27,2013-10-01,3,2745.00,305.00
445,AW00011444,"Tina Mehta",44,40-49,VIP,3,8136,5,5,24,2013-06-02,7,2712.00,339.00
446,AW00011445,"Kari Kim",46,40-49,VIP,3,8098,5,5,24,2013-06-28,7,2699.33,337.42
447,AW00011446,"Bethany Chander",46,40-49,VIP,3,8237,7,6,24,2013-06-21,7,2745.67,343.21
448,AW00011447,"Jennifer Roberts",46,40-49,VIP,3,8078,6,6,23,2013-05-31,7,2692.67,351.22
449,AW00011448,"Kyle Patterson",45,40-49,VIP,3,8132,7,7,24,2013-06-21,7,2710.67,338.83
450,AW00011449,"Alvin Hu",45,40-49,VIP,3,8130,7,7,24,2013-06-24,7,2710.00,338.75
451,AW00011450,"Brett Mehta",45,40-49,VIP,3,8173,9,9,23,2013-06-17,7,2724.33,355.35
452,AW00011451,"Ruben Mu├▒oz",46,40-49,VIP,3,8250,9,9,22,2013-06-05,7,2750.00,375.00
453,AW00011452,"Erika Rubio",47,40-49,VIP,3,8183,5,5,23,2013-06-12,7,2727.67,355.78
454,AW00011453,"Stanley Malhotra",41,40-49,VIP,3,8177,6,6,23,2013-06-19,7,2725.67,355.52
455,AW00011454,"Melinda Navarro",46,40-49,VIP,3,8089,4,4,22,2013-06-18,7,2696.33,367.68
456,AW00011455,"Ross Sanz",46,40-49,VIP,3,8142,5,5,22,2013-05-31,7,2714.00,370.09
457,AW00011456,"Jon Gao",46,40-49,VIP,3,8224,11,10,22,2013-05-31,7,2741.33,373.82
458,AW00011457,"Jaime Gutierrez",47,40-49,VIP,3,8211,10,9,22,2013-06-01,7,2737.00,373.23
459,AW00011458,"Bianca Liu",47,40-49,New,3,97,7,7,9,2014-01-18,0,32.33,10.78
460,AW00011459,"Tasha Deng",48,40-49,VIP,3,8141,5,5,22,2013-06-18,7,2713.67,370.05
461,AW00011460,"Melvin Chande",42,40-49,VIP,3,8137,6,6,22,2013-06-10,7,2712.33,369.86
462,AW00011461,"Victor Jimenez",48,40-49,VIP,3,8089,4,4,23,2013-07-21,6,2696.33,351.70
463,AW00011462,"Laura Lin",48,40-49,VIP,3,8116,5,5,24,2013-07-25,6,2705.33,338.17
464,AW00011463,"Alisha Beck",48,40-49,New,3,48,4,4,9,2013-12-13,1,16.00,5.33
465,AW00011464,"Alejandro Huang",49,40-49,VIP,3,8128,7,7,23,2013-07-01,6,2709.33,353.39
466,AW00011465,"Louis Luo",49,40-49,VIP,3,8158,4,4,23,2013-07-13,6,2719.33,354.70
467,AW00011466,"Grant Tang",49,40-49,New,3,90,7,7,2,2013-08-21,5,30.00,45.00
468,AW00011467,"Arturo Zheng",51,"50 and Above",New,3,56,5,4,5,2014-01-02,0,18.67,11.20
469,AW00011468,"Jaclyn Andersen",45,40-49,VIP,3,6960,4,4,24,2013-08-21,5,2320.00,290.00
470,AW00011469,"Edwin Raji",47,40-49,New,1,25,2,2,0,2013-08-09,5,25.00,25.00
471,AW00011470,"Jay Suarez",47,40-49,Regular,2,4344,2,1,12,2013-02-21,11,2172.00,362.00
472,AW00011471,"Latasha Suarez",47,40-49,New,1,54,1,1,0,2013-05-17,8,54.00,54.00
473,AW00011472,"Kenneth Kumar",57,"50 and Above",VIP,3,8165,6,6,27,2013-10-26,3,2721.67,302.41
474,AW00011473,"Grace Henderson",40,40-49,New,1,63,2,2,0,2013-06-02,7,63.00,63.00
475,AW00011474,"Melvin Xu",40,40-49,New,1,49,3,3,0,2013-09-26,4,49.00,49.00
476,AW00011475,"Cesar Subram",42,40-49,New,1,69,4,4,0,2013-04-23,9,69.00,69.00
477,AW00011476,"Erika Navarro",46,40-49,New,1,54,1,1,0,2013-11-01,2,54.00,54.00
478,AW00011477,"Tristan Hughes",41,40-49,New,1,35,1,1,0,2013-09-25,4,35.00,35.00
479,AW00011478,"Billy Hernandez",42,40-49,New,1,54,1,1,0,2013-04-19,9,54.00,54.00
480,AW00011479,"Darryl Wu",47,40-49,New,3,4970,9,9,5,2013-05-24,8,1656.67,994.00
481,AW00011480,"Colleen Ma",42,40-49,New,3,4935,7,6,7,2013-07-25,6,1645.00,705.00
482,AW00011481,"Erica Hu",47,40-49,Regular,3,4978,6,6,14,2013-04-21,9,1659.33,355.57
483,AW00011482,"Adrienne Torres",48,40-49,VIP,3,8143,5,5,24,2013-09-10,4,2714.33,339.29
484,AW00011483,"Calvin Chande",43,40-49,New,3,4966,4,3,6,2013-07-19,6,1655.33,827.67
485,AW00011484,"Erick Sai",43,40-49,Regular,3,4985,6,6,14,2013-03-30,9,1661.67,356.07
486,AW00011485,"Donald Chandra",48,40-49,VIP,3,7049,7,7,23,2013-09-12,4,2349.67,306.48
487,AW00011486,"Ariana Rogers",44,40-49,New,1,35,1,1,0,2013-11-24,2,35.00,35.00
488,AW00011487,"Morgan Jones",49,40-49,New,1,54,1,1,0,2013-12-15,1,54.00,54.00
489,AW00011488,"Jermaine Lopez",49,40-49,VIP,3,8090,5,5,22,2013-08-30,4,2696.67,367.73
490,AW00011489,"Deborah Goel",49,40-49,VIP,3,8127,7,7,23,2013-09-28,4,2709.00,353.35
491,AW00011490,"Danny Rubio",49,40-49,New,1,54,1,1,0,2013-04-04,9,54.00,54.00
492,AW00011491,"Andre Perez",44,40-49,VIP,3,8158,7,7,22,2013-09-07,4,2719.33,370.82
493,AW00011492,"Terrence Chander",43,40-49,Regular,2,4404,3,3,12,2013-02-19,11,2202.00,367.00
494,AW00011493,"Dawn Wu",50,"50 and Above",VIP,3,6959,6,6,21,2013-09-12,4,2319.67,331.38
495,AW00011494,"Jimmy Gutierrez",50,"50 and Above",VIP,3,6974,5,5,21,2013-09-30,3,2324.67,332.10
496,AW00011495,"Francis Jimenez",49,40-49,New,1,14,2,2,0,2013-10-26,3,14.00,14.00
497,AW00011496,"Gary Ortega",50,"50 and Above",VIP,3,7014,7,7,23,2013-11-05,2,2338.00,304.96
498,AW00011497,"Katrina Nath",44,40-49,New,1,35,1,1,0,2013-11-04,2,35.00,35.00
499,AW00011498,"Arturo Sun",46,40-49,New,16,560,30,18,10,2014-01-09,0,35.00,56.00
500,AW00011499,"Pedro Vance",46,40-49,New,2,192,6,6,2,2013-06-29,6,96.00,96.00
501,AW00011500,"Sarah Simmons",46,40-49,New,16,653,30,23,11,2014-01-10,0,40.81,59.36
502,AW00011501,"Brandy Chandra",45,40-49,New,16,871,33,23,9,2014-01-22,0,54.44,96.78
503,AW00011502,"Jared Peterson",45,40-49,New,16,1025,43,25,11,2014-01-27,0,64.06,93.18
504,AW00011503,"Dennis Wu",90,"50 and Above",New,2,61,3,3,6,2013-12-08,1,30.50,10.17
505,AW00011504,"Jordan Baker",89,"50 and Above",New,2,44,4,3,0,2013-05-03,8,22.00,44.00
506,AW00011505,"Jasmine Powell",54,"50 and Above",New,16,845,36,22,10,2013-12-24,1,52.81,84.50
507,AW00011506,"Nicholas Brown",54,"50 and Above",New,16,748,36,24,10,2014-01-22,0,46.75,74.80
508,AW00011507,"Isabella Russell",54,"50 and Above",New,16,651,31,20,11,2014-01-20,0,40.69,59.18
509,AW00011508,"Elizabeth Wilson",54,"50 and Above",New,2,77,4,4,0,2013-05-14,8,38.50,77.00
510,AW00011509,"Roger Harui",61,"50 and Above",New,1,196,3,3,0,2013-07-29,5,196.00,196.00
511,AW00011510,"Seth Roberts",67,"50 and Above",New,5,257,16,14,9,2013-12-26,1,51.40,28.56
512,AW00011511,"Caleb Perry",62,"50 and Above",New,1,35,1,1,0,2013-03-13,10,35.00,35.00
513,AW00011512,"Natalie Campbell",49,40-49,New,1,2320,1,1,0,2013-12-28,1,2320.00,2320.00
514,AW00011513,"Alyssa Howard",60,"50 and Above",New,1,863,5,5,0,2013-06-08,7,863.00,863.00
515,AW00011514,"Dalton Diaz",61,"50 and Above",New,1,40,2,2,0,2013-06-24,7,40.00,40.00
516,AW00011515,"Shannon Huang",66,"50 and Above",VIP,2,5930,4,4,19,2013-04-20,9,2965.00,312.11
517,AW00011516,"Mya Gonzales",49,40-49,VIP,2,5915,5,5,21,2013-06-16,7,2957.50,281.67
518,AW00011517,"Katherine Bryant",66,"50 and Above",New,2,101,5,5,1,2013-08-23,5,50.50,101.00
519,AW00011518,"Edward Washington",65,"50 and Above",New,2,82,6,6,0,2013-11-11,2,41.00,82.00
520,AW00011519,"Jerome Navarro",65,"50 and Above",New,16,756,36,20,9,2014-01-11,0,47.25,84.00
521,AW00011520,"Jada Morgan",65,"50 and Above",New,16,822,32,24,10,2014-01-19,0,51.38,82.20
522,AW00011521,"Ariana Peterson",48,40-49,New,2,44,4,3,8,2013-11-07,2,22.00,5.50
523,AW00011522,"Christian Hughes",54,"50 and Above",VIP,2,5888,4,4,16,2013-02-01,11,2944.00,368.00
524,AW00011523,"Lucas Taylor",64,"50 and Above",New,1,2377,3,3,0,2013-02-15,11,2377.00,2377.00
525,AW00011524,"Alyssa Jackson",64,"50 and Above",New,2,42,3,3,1,2013-10-17,3,21.00,42.00
526,AW00011525,"Ariana Cook",64,"50 and Above",VIP,2,5935,4,4,17,2013-02-22,11,2967.50,349.12
527,AW00011526,"Katherine Diaz",53,"50 and Above",New,1,2377,3,3,0,2013-02-03,11,2377.00,2377.00
528,AW00011527,"Jenna Green",64,"50 and Above",New,2,39,3,2,8,2013-11-01,2,19.50,4.88
529,AW00011528,"Joan Washington",57,"50 and Above",VIP,2,5959,6,6,17,2013-02-19,11,2979.50,350.53
530,AW00011529,"Austin Bryant",63,"50 and Above",VIP,2,5944,6,6,16,2013-02-04,11,2972.00,371.50
531,AW00011530,"Andrew Martinez",63,"50 and Above",New,16,572,26,18,11,2013-12-30,0,35.75,52.00
532,AW00011531,"Nina Yuan",63,"50 and Above",VIP,2,5875,3,3,17,2013-02-08,11,2937.50,345.59
533,AW00011532,"Lauren Miller",63,"50 and Above",New,2,44,4,3,8,2013-12-27,1,22.00,5.50
534,AW00011533,"Ebony Gill",57,"50 and Above",New,2,37,2,2,7,2014-01-10,0,18.50,5.29
535,AW00011534,"Cameron Lewis",62,"50 and Above",VIP,2,5919,4,4,16,2013-02-14,11,2959.50,369.94
536,AW00011535,"Devin Nelson",62,"50 and Above",VIP,2,5919,6,6,18,2013-03-15,10,2959.50,328.83
537,AW00011536,"Logan Chow",57,"50 and Above",VIP,2,5915,5,5,17,2013-03-21,10,2957.50,347.94
538,AW00011537,"Dakota Ross",62,"50 and Above",VIP,2,5873,2,2,18,2013-03-24,10,2936.50,326.28
539,AW00011538,"Nicole Taylor",61,"50 and Above",VIP,2,5895,3,3,17,2013-03-01,10,2947.50,346.76
540,AW00011539,"Justin Washington",55,"50 and Above",VIP,2,5997,6,6,18,2013-03-25,10,2998.50,333.17
541,AW00011540,"Alberto Navarro",56,"50 and Above",VIP,2,5958,5,5,18,2013-03-21,10,2979.00,331.00
542,AW00011541,"Aidan Ross",61,"50 and Above",VIP,2,5973,5,5,19,2013-04-13,9,2986.50,314.37
543,AW00011542,"Alejandro Tang",46,40-49,New,1,34,3,3,0,2013-05-11,8,34.00,34.00
544,AW00011543,"Sheena Chande",52,"50 and Above",New,1,54,1,1,0,2013-12-21,1,54.00,54.00
545,AW00011544,"Joel Garcia",47,40-49,New,1,89,2,2,0,2013-08-28,5,89.00,89.00
546,AW00011545,"Reginald Dominguez",52,"50 and Above",New,1,54,1,1,0,2013-07-13,6,54.00,54.00
547,AW00011546,"Christine Chande",52,"50 and Above",New,2,4460,5,4,3,2013-03-12,10,2230.00,1486.67
548,AW00011547,"Cindy Sai",47,40-49,New,3,4976,5,4,7,2013-07-28,6,1658.67,710.86
549,AW00011548,"Raymond Sanchez",52,"50 and Above",VIP,3,7068,9,8,23,2013-11-11,2,2356.00,307.30
550,AW00011549,"Crystal Liang",46,40-49,VIP,3,7024,9,8,23,2013-12-12,1,2341.33,305.39
551,AW00011550,"Deb Torres",46,40-49,VIP,3,5241,5,5,13,2013-03-16,10,1747.00,403.15
552,AW00011551,"Shannon Alvarez",NULL,"50 and Above",New,1,54,1,1,0,2013-03-01,10,54.00,54.00
553,AW00011552,"Eddie Rubio",53,"50 and Above",New,1,35,1,1,0,2014-01-06,0,35.00,35.00
554,AW00011553,"Sharon Luo",53,"50 and Above",New,1,21,1,1,0,2013-08-22,5,21.00,21.00
555,AW00011554,"Sydney Simmons",94,"50 and Above",New,1,35,1,1,0,2013-05-08,8,35.00,35.00
556,AW00011555,"Alexandria Henderson",88,"50 and Above",New,1,35,1,1,0,2013-05-08,8,35.00,35.00
557,AW00011556,"Lucas Evans",53,"50 and Above",New,1,21,1,1,0,2013-12-21,1,21.00,21.00
558,AW00011557,"Felicia Ramos",53,"50 and Above",New,1,21,1,1,0,2013-08-08,5,21.00,21.00
559,AW00011558,"Ivan Malhotra",53,"50 and Above",New,1,21,1,1,0,2013-11-30,1,21.00,21.00
560,AW00011559,"Frederick Subram",47,40-49,New,1,35,1,1,0,2013-11-29,1,35.00,35.00
561,AW00011560,"Whitney Srini",47,40-49,New,1,54,1,1,0,2013-12-03,1,54.00,54.00
562,AW00011561,"Briana Dominguez",54,"50 and Above",Regular,2,4344,2,2,12,2013-03-11,10,2172.00,362.00
563,AW00011562,"Jarrod Gonzalez",NULL,"50 and Above",New,1,85,2,2,0,2013-06-26,7,85.00,85.00
564,AW00011563,"Cesar Srini",54,"50 and Above",New,1,54,1,1,0,2013-07-05,6,54.00,54.00
565,AW00011564,"Jorge Liang",54,"50 and Above",Regular,2,4369,2,2,13,2013-03-18,10,2184.50,336.08
566,AW00011565,"Erik Diaz",54,"50 and Above",New,1,35,1,1,0,2013-09-08,4,35.00,35.00
567,AW00011566,"April Shan",53,"50 and Above",New,25,1002,58,15,11,2014-01-07,0,40.08,91.09
568,AW00011567,"Carla Perez",47,40-49,New,1,54,1,1,0,2013-03-15,10,54.00,54.00
569,AW00011568,"Alexia Foster",54,"50 and Above",VIP,3,6789,5,5,20,2013-09-20,4,2263.00,339.45
570,AW00011569,"Troy Malhotra",49,40-49,New,1,35,1,1,0,2013-11-20,2,35.00,35.00
571,AW00011570,"Kristin Andersen",54,"50 and Above",New,2,4391,2,2,11,2013-03-14,10,2195.50,399.18
572,AW00011571,"Joel Sai",54,"50 and Above",New,2,4390,4,4,3,2013-03-20,10,2195.00,1463.33
573,AW00011572,"Billy Moreno",49,40-49,New,2,4450,6,6,2,2013-03-08,10,2225.00,2225.00
574,AW00011573,"Meagan Subram",49,40-49,New,1,35,1,1,0,2013-07-27,6,35.00,35.00
575,AW00011574,"Karla Luo",55,"50 and Above",New,1,35,1,1,0,2013-03-15,10,35.00,35.00
576,AW00011575,"Jackson Campbell",55,"50 and Above",VIP,3,6806,7,7,19,2013-09-16,4,2268.67,358.21
577,AW00011576,"Micah Zhu",55,"50 and Above",New,2,4486,3,3,3,2013-03-23,10,2243.00,1495.33
578,AW00011577,"Janet Serrano",55,"50 and Above",New,2,4344,2,1,2,2013-03-12,10,2172.00,2172.00
579,AW00011578,"Trisha Huang",56,"50 and Above",New,2,4406,4,4,3,2013-03-12,10,2203.00,1468.67
580,AW00011579,"Clayton Beck",45,40-49,New,1,44,2,2,0,2013-07-31,5,44.00,44.00
581,AW00011580,"Melvin Raje",87,"50 and Above",New,1,35,1,1,0,2013-04-16,9,35.00,35.00
582,AW00011581,"Cindy Jordan",NULL,"50 and Above",New,5,237,11,9,9,2013-11-22,2,47.40,26.33
583,AW00011582,"Claudia Ma",52,"50 and Above",New,2,4379,3,3,3,2013-03-23,10,2189.50,1459.67
584,AW00011583,"Karla Xu",55,"50 and Above",New,2,4381,4,4,3,2013-04-08,9,2190.50,1460.33
585,AW00011584,"Devin Carter",55,"50 and Above",New,1,9,1,1,0,2013-09-16,4,9.00,9.00
586,AW00011585,"Kari Perez",50,"50 and Above",New,1,50,1,1,0,2014-01-10,0,50.00,50.00
587,AW00011586,"Alberto Romero",55,"50 and Above",New,1,9,1,1,0,2013-10-28,3,9.00,9.00
588,AW00011587,"Kevin Bryant",50,"50 and Above",New,2,4540,5,5,4,2013-04-09,9,2270.00,1135.00
589,AW00011588,"Candace Mehta",56,"50 and Above",New,2,4369,2,2,5,2013-05-12,8,2184.50,873.80
590,AW00011589,"Ebony Malhotra",51,"50 and Above",New,1,15,2,2,0,2013-06-04,7,15.00,15.00
591,AW00011590,"Erika Diaz",46,40-49,New,2,4384,4,4,5,2013-05-23,8,2192.00,876.80
592,AW00011591,"Stacey Lu",57,"50 and Above",VIP,2,5895,3,3,28,2013-05-23,8,2947.50,210.54
593,AW00011592,"Darrell Raji",42,40-49,VIP,2,5875,3,3,28,2013-05-12,8,2937.50,209.82
594,AW00011593,"Armando Moreno",43,40-49,VIP,2,5908,3,3,28,2013-06-19,7,2954.00,211.00
595,AW00011594,"Corey Goel",41,40-49,New,1,89,2,2,0,2013-08-17,5,89.00,89.00
596,AW00011595,"Sebastian Howard",41,40-49,New,1,35,1,1,0,2013-12-30,0,35.00,35.00
597,AW00011596,"Roger Raje",57,"50 and Above",New,1,50,3,3,0,2013-10-01,3,50.00,50.00
598,AW00011597,"Janelle Chandra",42,40-49,New,1,35,1,1,0,2014-01-05,0,35.00,35.00
599,AW00011598,"Meredith Ruiz",42,40-49,Regular,2,4548,5,4,12,2013-03-24,10,2274.00,379.00
600,AW00011599,"Melody Diaz",43,40-49,VIP,2,5957,6,6,28,2013-06-12,7,2978.50,212.75
601,AW00011600,"Linda Rubio",43,40-49,New,1,35,1,1,0,2013-05-06,8,35.00,35.00
602,AW00011601,"Ivan Raman",43,40-49,VIP,2,5932,6,6,28,2013-06-07,7,2966.00,211.86
603,AW00011602,"Larry Gill",43,40-49,New,1,35,1,1,0,2013-07-10,6,35.00,35.00
604,AW00011603,"Geoffrey Gonzalez",43,40-49,VIP,3,6767,5,5,20,2013-10-08,3,2255.67,338.35
605,AW00011604,"Edgar Sanchez",43,40-49,VIP,3,6786,7,7,21,2013-10-16,3,2262.00,323.14
606,AW00011605,"Heidi Subram",44,40-49,New,2,4344,2,2,11,2013-02-28,11,2172.00,394.91
607,AW00011606,"Melody Ramos",40,40-49,VIP,2,5922,5,5,29,2013-06-28,7,2961.00,204.21
608,AW00011607,"Clinton Moreno",40,40-49,VIP,2,5913,4,4,28,2013-06-10,7,2956.50,211.18
609,AW00011608,"Cesar Madan",44,40-49,New,1,35,1,1,0,2013-12-13,1,35.00,35.00
610,AW00011609,"Eugene Ye",44,40-49,VIP,3,6872,9,9,21,2013-11-23,2,2290.67,327.24
611,AW00011610,"Blake Collins",45,40-49,VIP,3,6786,6,6,21,2013-11-01,2,2262.00,323.14
612,AW00011611,"Ernest Lin",41,40-49,VIP,2,5873,2,2,29,2013-06-29,6,2936.50,202.52
613,AW00011612,"Keith Andersen",40,40-49,VIP,3,6795,6,6,21,2013-11-18,2,2265.00,323.57
614,AW00011613,"Meredith Prasad",45,40-49,New,2,4381,4,4,11,2013-04-24,9,2190.50,398.27
615,AW00011614,"Katrina Sharma",45,40-49,New,2,4438,5,5,10,2013-04-05,9,2219.00,443.80
616,AW00011615,"Dwayne Navarro",45,40-49,VIP,3,5205,7,6,13,2013-04-13,9,1735.00,400.38
617,AW00011616,"Casey Nath",45,40-49,VIP,3,5253,10,10,14,2013-04-15,9,1751.00,375.21
618,AW00011617,"Sean Brooks",61,"50 and Above",VIP,2,5935,4,4,18,2013-04-07,9,2967.50,329.72
619,AW00011618,"Brian Ramirez",61,"50 and Above",New,1,2370,4,4,0,2013-02-09,11,2370.00,2370.00
620,AW00011619,"Sierra Young",47,40-49,New,16,633,29,18,9,2013-12-02,1,39.56,70.33
621,AW00011620,"Megan Rodriguez",47,40-49,New,2,44,4,3,5,2013-07-27,6,22.00,8.80
622,AW00011621,"Leah She",47,40-49,New,2,123,6,6,2,2013-10-30,2,61.50,61.50
623,AW00011622,"Gabriel Allen",47,40-49,New,2,133,5,5,2,2013-06-15,7,66.50,66.50
624,AW00011623,"Angela Perry",47,40-49,VIP,2,5948,5,5,19,2013-04-26,9,2974.00,313.05
625,AW00011624,"Ryan Smith",42,40-49,VIP,2,5898,2,2,19,2013-04-24,9,2949.00,310.42
626,AW00011625,"Zachary Moore",47,40-49,VIP,2,5913,4,4,18,2013-04-23,9,2956.50,328.50
627,AW00011626,"Destiny Rogers",47,40-49,VIP,2,5959,4,4,19,2013-04-07,9,2979.50,313.63
628,AW00011627,"Dalton Gray",47,40-49,New,2,50,4,4,2,2013-11-09,2,25.00,25.00
629,AW00011628,"Mariah Wood",48,40-49,VIP,2,5875,3,3,18,2013-03-31,9,2937.50,326.39
630,AW00011629,"Isaiah Wright",49,40-49,VIP,2,5930,4,4,18,2013-04-18,9,2965.00,329.44
631,AW00011630,"Haley Powell",48,40-49,VIP,2,5933,3,3,19,2013-04-27,9,2966.50,312.26
632,AW00011631,"Antonio Bennett",49,40-49,New,16,706,33,22,10,2013-12-25,1,44.13,70.60
633,AW00011632,"Alexandra Jenkins",44,40-49,New,16,1001,34,23,11,2014-01-03,0,62.56,91.00
634,AW00011633,"Thomas Anderson",48,40-49,New,2,77,4,4,2,2014-01-14,0,38.50,38.50
635,AW00011634,"Samuel Collins",48,40-49,New,2,39,3,2,1,2013-04-26,9,19.50,39.00
636,AW00011635,"Darrell Chande",42,40-49,New,2,42,3,3,7,2013-09-21,4,21.00,6.00
637,AW00011636,"Kimberly Cox",47,40-49,New,2,77,4,4,4,2014-01-18,0,38.50,19.25
638,AW00011637,"Morgan Hernandez",42,40-49,New,2,39,3,2,0,2013-02-15,11,19.50,39.00
639,AW00011638,"Antonio Powell",48,40-49,New,2,77,4,4,0,2013-10-19,3,38.50,77.00
640,AW00011639,"Angelica Perry",47,40-49,New,2,127,5,5,1,2014-01-08,0,63.50,127.00
641,AW00011640,"Chloe Wilson",50,"50 and Above",New,5,408,15,14,9,2013-12-29,0,81.60,45.33
642,AW00011641,"James Chen",50,"50 and Above",New,5,302,11,10,6,2013-08-18,5,60.40,50.33
643,AW00011642,"Morgan Hughes",49,40-49,New,5,481,15,14,11,2014-01-24,0,96.20,43.73
644,AW00011643,"Naomi Munoz",50,"50 and Above",New,2,100,5,5,2,2013-07-04,6,50.00,50.00
645,AW00011644,"Charles Torres",51,"50 and Above",New,2,42,3,3,7,2014-01-05,0,21.00,6.00
646,AW00011645,"Gabriella Turner",51,"50 and Above",New,2,153,5,5,1,2014-01-03,0,76.50,153.00
647,AW00011646,"Anna Foster",46,40-49,New,2,113,3,3,0,2013-07-25,6,56.50,113.00
648,AW00011647,"Randy Wu",51,"50 and Above",New,1,2366,5,5,0,2013-02-15,11,2366.00,2366.00
649,AW00011648,"Kevin Scott",46,40-49,New,2,89,2,2,0,2013-09-02,4,44.50,89.00
650,AW00011649,"Ian White",46,40-49,New,2,91,3,3,0,2013-04-23,9,45.50,91.00
651,AW00011650,"Caleb Hayes",51,"50 and Above",New,2,129,4,4,10,2013-12-17,1,64.50,12.90
652,AW00011651,"Patricia Garcia",43,40-49,New,5,226,8,7,7,2013-10-18,3,45.20,32.29
653,AW00011652,"Samuel Russell",44,40-49,New,5,310,14,11,5,2013-12-18,1,62.00,62.00
654,AW00011653,"Sydney Peterson",44,40-49,New,2,179,5,5,5,2013-10-12,3,89.50,35.80
655,AW00011654,"Ariana Sanchez",49,40-49,VIP,2,5955,4,4,18,2013-04-24,9,2977.50,330.83
656,AW00011655,"Tamara Sharma",44,40-49,New,2,50,4,4,2,2013-12-02,1,25.00,25.00
657,AW00011656,"Katelyn Perez",49,40-49,New,2,77,4,4,4,2014-01-12,0,38.50,19.25
658,AW00011657,"Megan Cox",49,40-49,New,2,179,5,5,8,2014-01-28,0,89.50,22.38
659,AW00011658,"Robert Mitchell",40,40-49,New,2,112,5,5,3,2013-07-24,6,56.00,37.33
660,AW00011659,"Miguel Adams",51,"50 and Above",New,5,234,10,9,7,2014-01-06,0,46.80,33.43
661,AW00011660,"Miranda Gonzales",46,40-49,New,5,323,15,11,3,2013-08-16,5,64.60,107.67
662,AW00011661,"Jeremiah James",45,40-49,New,5,287,11,10,8,2013-12-14,1,57.40,35.88
663,AW00011662,"Ethan Kumar",50,"50 and Above",New,2,100,4,4,2,2013-07-06,6,50.00,50.00
664,AW00011663,"Seth Williams",50,"50 and Above",VIP,2,5948,5,5,15,2013-02-15,11,2974.00,396.53
665,AW00011664,"Alyssa Morgan",50,"50 and Above",VIP,2,5948,5,5,15,2013-02-21,11,2974.00,396.53
666,AW00011665,"Janet Dominguez",50,"50 and Above",VIP,2,5930,4,4,16,2013-02-14,11,2965.00,370.63
667,AW00011666,"Angel Baker",44,40-49,VIP,2,5948,5,5,15,2013-02-07,11,2974.00,396.53
668,AW00011667,"Blake Moore",53,"50 and Above",New,2,91,3,3,5,2013-12-19,1,45.50,18.20
669,AW00011668,"Jada Collins",42,40-49,New,2,129,4,4,0,2014-01-04,0,64.50,129.00
670,AW00011669,"Isabella Simmons",47,40-49,New,2,113,6,6,0,2013-08-19,5,56.50,113.00
671,AW00011670,"Jacqueline Perry",53,"50 and Above",New,2,100,4,4,5,2013-09-18,4,50.00,20.00
672,AW00011671,"Jessica Brown",54,"50 and Above",VIP,2,5970,4,4,17,2013-04-08,9,2985.00,351.18
673,AW00011672,"Chad Jai",54,"50 and Above",New,2,113,3,3,1,2013-09-18,4,56.50,113.00
674,AW00011673,"Susan Ye",49,40-49,New,2,192,6,6,1,2013-03-03,10,96.00,192.00
675,AW00011674,"Morgan Rogers",54,"50 and Above",New,2,96,4,4,2,2013-08-18,5,48.00,48.00
676,AW00011675,"Devin Martinez",49,40-49,VIP,2,5898,2,2,15,2013-02-09,11,2949.00,393.20
677,AW00011676,"Alan Hu",54,"50 and Above",New,2,91,3,3,3,2013-12-09,1,45.50,30.33
678,AW00011677,"Charles Walker",45,40-49,New,5,297,10,10,7,2013-11-30,1,59.40,42.43
679,AW00011678,"Johnny Chavez",51,"50 and Above",VIP,2,5900,3,3,15,2013-02-05,11,2950.00,393.33
680,AW00011679,"Dalton Richardson",51,"50 and Above",New,2,146,4,4,1,2013-11-29,1,73.00,146.00
681,AW00011680,"Kaylee Nelson",51,"50 and Above",New,2,94,3,3,4,2014-01-19,0,47.00,23.50
682,AW00011681,"Abigail Jones",51,"50 and Above",New,2,138,5,5,8,2013-11-25,2,69.00,17.25
683,AW00011682,"Kaitlyn Hall",46,40-49,New,2,253,4,4,3,2013-12-09,1,126.50,84.33
684,AW00011683,"Greg Taylor",51,"50 and Above",VIP,2,5897,5,5,16,2013-02-07,11,2948.50,368.56
685,AW00011684,"Devin Parker",55,"50 and Above",New,2,94,3,3,5,2013-12-12,1,47.00,18.80
686,AW00011685,"Jose Griffin",55,"50 and Above",New,2,111,5,5,9,2013-12-13,1,55.50,12.33
687,AW00011686,"Luke Edwards",50,"50 and Above",New,2,129,4,4,1,2013-04-24,9,64.50,129.00
688,AW00011687,"Cody Torres",49,40-49,New,2,98,3,3,2,2013-06-21,7,49.00,49.00
689,AW00011688,"Victoria Morris",49,40-49,VIP,2,5967,5,5,16,2013-02-14,11,2983.50,372.94
690,AW00011689,"Ian Diaz",55,"50 and Above",New,2,89,2,2,0,2013-09-02,4,44.50,89.00
691,AW00011690,"Caroline Butler",50,"50 and Above",VIP,2,5904,4,4,18,2013-04-26,9,2952.00,328.00
692,AW00011691,"Kaitlyn Wilson",51,"50 and Above",New,2,120,4,4,3,2013-05-19,8,60.00,40.00
693,AW00011692,"Caleb Gonzales",56,"50 and Above",New,2,94,3,3,6,2014-01-18,0,47.00,15.67
694,AW00011693,"Hailey Diaz",50,"50 and Above",New,1,2295,1,1,0,2013-01-28,12,2295.00,2295.00
695,AW00011694,"Jonathon Ortega",56,"50 and Above",New,2,129,4,4,5,2013-09-28,4,64.50,25.80
696,AW00011695,"Logan Campbell",56,"50 and Above",New,2,129,4,4,4,2013-08-19,5,64.50,32.25
697,AW00011696,"Mackenzie Campbell",51,"50 and Above",VIP,2,5873,2,2,18,2013-04-29,8,2936.50,326.28
698,AW00011697,"Eduardo Lee",50,"50 and Above",New,2,153,5,5,1,2013-10-04,3,76.50,153.00
699,AW00011698,"Jackson Wright",50,"50 and Above",New,5,255,7,7,9,2014-01-14,0,51.00,28.33
700,AW00011699,"Chase Peterson",57,"50 and Above",New,2,122,5,5,2,2013-08-09,5,61.00,61.00
701,AW00011700,"Xavier Richardson",57,"50 and Above",New,2,138,5,5,4,2013-06-09,7,69.00,34.50
702,AW00011701,"David Hayes",40,40-49,New,2,129,4,4,0,2013-05-04,8,64.50,129.00
703,AW00011702,"Jenny Zhou",51,"50 and Above",New,2,96,4,4,5,2013-11-14,2,48.00,19.20
704,AW00011703,"Kaylee Baker",52,"50 and Above",New,2,100,4,4,9,2013-11-16,2,50.00,11.11
705,AW00011704,"Evan Hernandez",52,"50 and Above",New,2,94,3,3,0,2013-07-17,6,47.00,94.00
706,AW00011705,"Brooke Richardson",47,40-49,VIP,2,5940,5,5,18,2013-05-27,8,2970.00,330.00
707,AW00011706,"Blake Perez",57,"50 and Above",New,2,89,2,2,6,2013-10-04,3,44.50,14.83
708,AW00011707,"Natalie Cook",57,"50 and Above",VIP,2,6025,5,5,19,2013-05-24,8,3012.50,317.11
709,AW00011708,"Elizabeth Weisman",51,"50 and Above",VIP,2,5908,4,4,19,2013-05-28,8,2954.00,310.95
710,AW00011709,"Hailey Collins",57,"50 and Above",New,5,325,12,9,7,2013-10-14,3,65.00,46.43
711,AW00011710,"Zoe Ramirez",58,"50 and Above",New,2,98,3,3,0,2013-12-12,1,49.00,98.00
712,AW00011711,"Daniel Davis",52,"50 and Above",New,27,1104,55,27,11,2014-01-26,0,40.89,100.36
713,AW00011712,"Shelby Rogers",58,"50 and Above",New,5,128,8,8,8,2013-10-29,2,25.60,16.00
714,AW00011713,"Kyle Zhang",58,"50 and Above",New,2,192,6,6,4,2013-11-21,2,96.00,48.00
715,AW00011714,"Alexandria Long",58,"50 and Above",New,2,94,3,3,2,2013-05-14,8,47.00,47.00
716,AW00011715,"Chloe Robinson",58,"50 and Above",New,2,144,4,4,0,2013-12-30,0,72.00,144.00
717,AW00011716,"Evan Kelly",59,"50 and Above",New,2,96,4,4,7,2014-01-13,0,48.00,13.71
718,AW00011717,"Marcus Jones",53,"50 and Above",New,2,193,5,5,7,2013-12-28,1,96.50,27.57
719,AW00011718,"Sarah Jones",53,"50 and Above",New,2,100,4,4,0,2013-03-21,10,50.00,100.00
720,AW00011719,"Blake Green",55,"50 and Above",New,5,286,11,10,4,2013-09-20,4,57.20,71.50
721,AW00011720,"Morgan Morris",60,"50 and Above",New,2,118,6,6,2,2013-07-24,6,59.00,59.00
722,AW00011721,"Jennifer Alexander",55,"50 and Above",New,2,105,5,5,4,2013-10-17,3,52.50,26.25
723,AW00011722,"Julian Hughes",60,"50 and Above",New,2,153,5,5,3,2013-11-09,2,76.50,51.00
724,AW00011723,"Luke Coleman",53,"50 and Above",New,5,193,9,8,11,2014-01-03,0,38.60,17.55
725,AW00011724,"Jason Carter",53,"50 and Above",New,5,210,13,11,10,2013-12-14,1,42.00,21.00
726,AW00011725,"Jose Li",53,"50 and Above",New,2,124,5,5,1,2013-05-02,8,62.00,124.00
727,AW00011726,"Micah Liang",53,"50 and Above",New,2,224,7,7,1,2013-12-07,1,112.00,224.00
728,AW00011727,"Benjamin Taylor",53,"50 and Above",VIP,2,5962,4,4,18,2013-05-04,8,2981.00,331.22
729,AW00011728,"Logan White",60,"50 and Above",New,2,110,4,4,4,2013-11-06,2,55.00,27.50
730,AW00011729,"Caleb Campbell",55,"50 and Above",New,2,160,5,5,5,2014-01-11,0,80.00,32.00
731,AW00011730,"Emma Torres",60,"50 and Above",New,2,134,5,4,7,2014-01-08,0,67.00,19.14
732,AW00011731,"Tanya Gill",60,"50 and Above",New,2,121,5,5,4,2013-08-04,5,60.50,30.25
733,AW00011732,"Erick Sanchez",56,"50 and Above",New,2,174,5,5,2,2013-08-15,5,87.00,87.00
734,AW00011733,"Kristi Schmidt",55,"50 and Above",New,2,195,4,4,0,2014-01-07,0,97.50,195.00
735,AW00011734,"Omar Chen",55,"50 and Above",New,2,136,4,4,0,2013-07-07,6,68.00,136.00
736,AW00011735,"Sydney Gray",61,"50 and Above",New,2,110,4,4,9,2013-12-22,1,55.00,12.22
737,AW00011736,"Sebastian Sanchez",55,"50 and Above",New,2,166,5,5,1,2013-12-04,1,83.00,166.00
738,AW00011737,"Megan Martin",56,"50 and Above",New,2,77,4,4,5,2013-07-17,6,38.50,15.40
739,AW00011738,"Elijah Alexander",55,"50 and Above",New,5,330,13,12,10,2013-12-27,1,66.00,33.00
740,AW00011739,"Aaron King",61,"50 and Above",New,2,4758,6,6,3,2013-04-16,9,2379.00,1586.00
741,AW00011740,"Jan Hall",61,"50 and Above",New,5,384,14,12,10,2014-01-18,0,76.80,38.40
742,AW00011741,"Tamara Chander",61,"50 and Above",VIP,2,6079,4,4,16,2013-02-20,11,3039.50,379.94
743,AW00011742,"Edward Lewis",62,"50 and Above",VIP,2,5915,5,5,19,2013-05-22,8,2957.50,311.32
744,AW00011743,"Chase Kelly",51,"50 and Above",VIP,2,5898,2,2,18,2013-05-16,8,2949.00,327.67
745,AW00011744,"Stephanie Campbell",62,"50 and Above",New,2,72,3,3,4,2013-08-27,5,36.00,18.00
746,AW00011745,"Allison Gonzalez",62,"50 and Above",VIP,2,5948,5,5,18,2013-05-04,8,2974.00,330.44
747,AW00011746,"Seth Brooks",62,"50 and Above",New,2,77,4,4,9,2013-11-09,2,38.50,8.56
748,AW00011747,"Destiny Davis",62,"50 and Above",New,2,116,4,4,2,2013-10-13,3,58.00,58.00
749,AW00011748,"Blake Hill",62,"50 and Above",New,5,132,8,7,4,2013-11-01,2,26.40,33.00
750,AW00011749,"Eduardo Jackson",45,40-49,New,3,48,4,4,8,2013-12-31,0,16.00,6.00
751,AW00011750,"Latoya She",41,40-49,VIP,3,8148,6,6,26,2013-10-01,3,2716.00,313.38
752,AW00011751,"Victoria Gonzales",50,"50 and Above",VIP,3,8215,6,6,24,2013-07-17,6,2738.33,342.29
753,AW00011752,"Lauren Bryant",45,40-49,New,3,138,8,8,9,2013-12-06,1,46.00,15.33
754,AW00011753,"Felicia Ortega",50,"50 and Above",New,3,48,4,4,5,2013-10-15,3,16.00,9.60
755,AW00011754,"Janet Ortega",50,"50 and Above",VIP,3,8163,5,5,24,2013-07-30,5,2721.00,340.13
756,AW00011755,"Willie Pal",52,"50 and Above",New,3,46,5,4,2,2013-08-17,5,15.33,23.00
757,AW00011756,"Linda Ortega",52,"50 and Above",VIP,3,8078,6,6,26,2013-10-25,3,2692.67,310.69
758,AW00011757,"Vincent Cai",47,40-49,New,3,57,5,4,9,2013-11-27,2,19.00,6.33
759,AW00011758,"Colin Yuan",46,40-49,New,3,57,5,4,7,2013-11-24,2,19.00,8.14
760,AW00011759,"Dawn Nath",45,40-49,VIP,3,8054,3,3,23,2013-07-09,6,2684.67,350.17
761,AW00011760,"Melody Moreno",53,"50 and Above",New,3,275,9,9,7,2013-11-19,2,91.67,39.29
762,AW00011761,"Edgar Mehta",53,"50 and Above",VIP,3,8149,8,8,23,2013-07-29,5,2716.33,354.30
763,AW00011762,"Randall Gomez",42,40-49,VIP,3,8228,7,7,22,2013-07-06,6,2742.67,374.00
764,AW00011763,"Ross Fernandez",53,"50 and Above",New,3,76,7,6,9,2013-11-12,2,25.33,8.44
765,AW00011764,"Jessie Ramos",53,"50 and Above",VIP,3,8129,6,6,21,2013-07-07,6,2709.67,387.10
766,AW00011765,"Marc Torres",43,40-49,VIP,3,8143,5,5,22,2013-07-26,6,2714.33,370.14
767,AW00011766,"Candace Raman",54,"50 and Above",VIP,3,8280,11,11,21,2013-07-10,6,2760.00,394.29
768,AW00011767,"Meagan Madan",49,40-49,VIP,3,8319,7,7,21,2013-07-12,6,2773.00,396.14
769,AW00011768,"Clayton Nara",43,40-49,VIP,3,8139,4,4,22,2013-07-14,6,2713.00,369.95
770,AW00011769,"Haley Hernandez",47,40-49,New,5,478,17,14,4,2013-09-18,4,95.60,119.50
771,AW00011770,"Peter Nara",47,40-49,New,2,77,4,4,2,2013-10-21,3,38.50,38.50
772,AW00011771,"Isaac Rivera",47,40-49,New,2,94,3,3,3,2013-07-24,6,47.00,31.33
773,AW00011772,"Cameron Moore",42,40-49,VIP,2,5913,4,4,19,2013-05-15,8,2956.50,311.21
774,AW00011773,"Gavin Diaz",47,40-49,VIP,2,5984,4,4,18,2013-04-30,8,2992.00,332.44
775,AW00011774,"Emma Sanchez",47,40-49,VIP,2,5900,3,3,19,2013-06-13,7,2950.00,310.53
776,AW00011775,"Sierra Roberts",NULL,"50 and Above",VIP,2,5913,4,4,20,2013-06-03,7,2956.50,295.65
777,AW00011776,"Seth Mitchell",47,40-49,VIP,2,6079,4,4,19,2013-06-03,7,3039.50,319.95
778,AW00011777,"Miranda Long",48,40-49,VIP,2,5915,5,5,20,2013-06-22,7,2957.50,295.75
779,AW00011778,"Haley Henderson",49,40-49,VIP,2,5873,2,2,20,2013-06-29,6,2936.50,293.65
780,AW00011779,"Sarah Jackson",49,40-49,VIP,2,5873,2,2,20,2013-06-23,7,2936.50,293.65
781,AW00011780,"Jessica Alexander",49,40-49,VIP,2,5973,5,5,20,2013-06-18,7,2986.50,298.65
782,AW00011781,"Carlos Gray",49,40-49,New,2,134,5,5,9,2013-12-09,1,67.00,14.89
783,AW00011782,"Barbara Jai",44,40-49,New,2,151,6,6,1,2013-09-16,4,75.50,151.00
784,AW00011783,"Sara Mitchell",43,40-49,New,2,110,4,3,1,2013-05-11,8,55.00,110.00
785,AW00011784,"Jose Turner",48,40-49,New,5,272,12,9,8,2013-12-17,1,54.40,34.00
786,AW00011785,"Theodore Diaz",43,40-49,New,2,75,3,3,4,2013-08-31,4,37.50,18.75
787,AW00011786,"Ian Murphy",48,40-49,New,2,127,4,3,0,2014-01-23,0,63.50,127.00
788,AW00011787,"Jerry Nath",48,40-49,New,2,110,4,3,0,2013-11-05,2,55.00,110.00
789,AW00011788,"Destiny James",48,40-49,New,2,255,5,5,3,2013-08-20,5,127.50,85.00
790,AW00011789,"Bailey Phillips",45,40-49,New,2,72,3,3,1,2013-04-28,9,36.00,72.00
791,AW00011790,"Timothy Gonzalez",45,40-49,New,2,147,5,5,2,2013-05-22,8,73.50,73.50
792,AW00011791,"Chase Morgan",50,"50 and Above",New,2,120,3,3,2,2013-12-01,1,60.00,60.00
793,AW00011792,"Alexia Perry",51,"50 and Above",New,2,120,3,3,1,2013-06-30,6,60.00,120.00
794,AW00011793,"Xavier Rogers",46,40-49,New,2,102,4,4,0,2013-02-10,11,51.00,102.00
795,AW00011794,"Lauren Ross",51,"50 and Above",New,2,77,4,4,2,2014-01-28,0,38.50,38.50
796,AW00011795,"Nicole Thomas",51,"50 and Above",New,2,75,3,3,4,2013-11-25,2,37.50,18.75
797,AW00011796,"Isabel Jenkins",40,40-49,VIP,2,5995,7,7,19,2013-05-30,7,2997.50,315.53
798,AW00011797,"Devin Coleman",46,40-49,VIP,2,5972,6,6,20,2013-06-29,6,2986.00,298.60
799,AW00011798,"Brendan Chande",51,"50 and Above",VIP,2,5953,3,3,19,2013-06-11,7,2976.50,313.32
800,AW00011799,"Jessie Wang",45,40-49,VIP,2,5921,5,5,19,2013-06-09,7,2960.50,311.63
801,AW00011800,"Jennifer Baker",51,"50 and Above",New,2,77,4,4,0,2013-08-13,5,38.50,77.00
802,AW00011801,"Aaron Sharma",51,"50 and Above",New,2,87,3,3,0,2013-12-31,0,43.50,87.00
803,AW00011802,"Madison Taylor",49,40-49,New,5,214,12,10,9,2013-12-01,1,42.80,23.78
804,AW00011803,"Jan Hernandez",49,40-49,New,2,230,6,6,3,2013-11-23,2,115.00,76.67
805,AW00011804,"Haley Turner",49,40-49,New,2,134,5,5,2,2013-08-12,5,67.00,67.00
806,AW00011805,"Richard Green",49,40-49,New,2,129,4,4,6,2013-11-05,2,64.50,21.50
807,AW00011806,"Jennifer Stewart",43,40-49,New,2,96,4,4,7,2013-10-03,3,48.00,13.71
808,AW00011807,"Lucas Baker",49,40-49,New,2,153,5,5,4,2013-09-12,4,76.50,38.25
809,AW00011808,"James Parker",51,"50 and Above",New,5,609,14,12,6,2013-10-25,3,121.80,101.50
810,AW00011809,"Juan Gray",52,"50 and Above",VIP,2,5929,4,4,19,2013-06-10,7,2964.50,312.05
811,AW00011810,"Antonio Washington",48,40-49,VIP,2,5973,5,5,20,2013-06-24,7,2986.50,298.65
812,AW00011811,"Abigail Brooks",48,40-49,VIP,2,5898,2,2,20,2013-06-17,7,2949.00,294.90
813,AW00011812,"Andrew Rodriguez",53,"50 and Above",VIP,2,5900,3,3,20,2013-06-18,7,2950.00,295.00
814,AW00011813,"Mary Patterson",53,"50 and Above",VIP,2,5953,3,3,20,2013-06-28,7,2976.50,297.65
815,AW00011814,"Dalton Morgan",50,"50 and Above",New,2,101,5,5,2,2013-09-08,4,50.50,50.50
816,AW00011815,"Hannah Patterson",45,40-49,VIP,2,5948,5,5,16,2013-02-24,11,2974.00,371.75
817,AW00011816,"Joe Torres",44,40-49,VIP,2,5933,3,3,16,2013-02-20,11,2966.50,370.81
818,AW00011817,"Morgan Miller",44,40-49,VIP,2,5898,2,2,15,2013-02-12,11,2949.00,393.20
819,AW00011818,"Daniel Garcia",50,"50 and Above",VIP,2,5954,5,5,15,2013-01-30,11,2977.00,396.93
820,AW00011819,"Jose Lal",53,"50 and Above",New,2,96,4,4,11,2014-01-16,0,48.00,8.73
821,AW00011820,"Katelyn Lopez",48,40-49,New,5,232,10,9,9,2013-12-06,1,46.40,25.78
822,AW00011821,"Austin Johnson",54,"50 and Above",New,2,151,7,7,1,2013-09-03,4,75.50,151.00
823,AW00011822,"Rohinton Wadia",54,"50 and Above",New,2,87,3,3,3,2013-08-26,5,43.50,29.00
824,AW00011823,"Morgan Turner",48,40-49,New,5,263,16,11,8,2014-01-23,0,52.60,32.88
825,AW00011824,"Jill Martin",48,40-49,New,5,240,11,10,9,2014-01-09,0,48.00,26.67
826,AW00011825,"Aimee She",54,"50 and Above",VIP,2,5900,3,3,15,2013-02-12,11,2950.00,393.33
827,AW00011826,"Jessie Alonso",54,"50 and Above",VIP,2,5898,2,2,15,2013-02-15,11,2949.00,393.20
828,AW00011827,"Sara Baker",45,40-49,New,5,511,15,12,9,2013-12-09,1,102.20,56.78
829,AW00011828,"Katherine Martinez",46,40-49,New,2,94,3,3,0,2013-04-19,9,47.00,94.00
830,AW00011829,"Sophia Campbell",51,"50 and Above",New,2,131,6,6,3,2013-06-21,7,65.50,43.67
831,AW00011830,"Taylor Garcia",51,"50 and Above",VIP,2,5930,4,4,16,2013-01-30,11,2965.00,370.63
832,AW00011831,"Christian Ross",51,"50 and Above",VIP,2,5933,3,3,15,2013-02-10,11,2966.50,395.53
833,AW00011832,"Zoe Murphy",50,"50 and Above",New,2,125,4,4,6,2013-09-09,4,62.50,20.83
834,AW00011833,"Oscar Price",44,40-49,New,5,240,11,11,5,2013-11-28,2,48.00,48.00
835,AW00011834,"Fernando Flores",44,40-49,VIP,2,5908,3,3,15,2013-02-13,11,2954.00,393.87
836,AW00011835,"Elijah Russell",55,"50 and Above",New,2,4772,7,7,4,2013-05-18,8,2386.00,1193.00
837,AW00011836,"Garrett Travers",55,"50 and Above",New,2,70,2,2,0,2013-04-22,9,35.00,70.00
838,AW00011837,"Haley Alexander",49,40-49,VIP,2,5923,5,5,16,2013-02-20,11,2961.50,370.19
839,AW00011838,"Justin Rodriguez",55,"50 and Above",New,2,135,6,6,2,2013-08-28,5,67.50,67.50
840,AW00011839,"Tyler Brown",49,40-49,VIP,2,5955,4,4,19,2013-06-12,7,2977.50,313.42
841,AW00011840,"Julian Patterson",50,"50 and Above",New,2,87,3,3,0,2013-05-04,8,43.50,87.00
842,AW00011841,"Sean Nelson",56,"50 and Above",New,5,307,13,10,5,2013-11-06,2,61.40,61.40
843,AW00011842,"Justin Wilson",56,"50 and Above",New,2,99,4,4,6,2013-12-04,1,49.50,16.50
844,AW00011843,"Christy Nara",50,"50 and Above",New,2,116,5,5,1,2013-03-08,10,58.00,116.00
845,AW00011844,"Michele Alvarez",56,"50 and Above",New,2,125,4,4,3,2014-01-11,0,62.50,41.67
846,AW00011845,"Natalie Jones",96,"50 and Above",New,4,197,11,8,9,2013-12-09,1,49.25,21.89
847,AW00011846,"Savannah Reed",56,"50 and Above",New,2,85,2,2,2,2013-07-10,6,42.50,42.50
848,AW00011847,"Cassidy Diaz",56,"50 and Above",New,2,125,4,4,4,2013-11-15,2,62.50,31.25
849,AW00011848,"Joshua Lewis",51,"50 and Above",New,2,92,4,4,4,2013-12-06,1,46.00,23.00
850,AW00011849,"Faith Reed",56,"50 and Above",New,2,258,5,5,1,2014-01-11,0,129.00,258.00
851,AW00011850,"Brooke Ramirez",45,40-49,New,2,149,5,5,1,2013-06-03,7,74.50,149.00
852,AW00011851,"Jada Mitchell",57,"50 and Above",New,2,85,2,2,5,2013-12-05,1,42.50,17.00
853,AW00011852,"Kyle Russell",57,"50 and Above",New,2,125,4,4,1,2013-09-02,4,62.50,125.00
854,AW00011853,"Grace Jones",46,40-49,New,2,90,3,3,1,2013-06-20,7,45.00,90.00
855,AW00011854,"Jason Mitchell",52,"50 and Above",VIP,2,5985,8,8,19,2013-06-15,7,2992.50,315.00
856,AW00011855,"Christian Walker",51,"50 and Above",New,2,90,3,3,4,2013-09-11,4,45.00,22.50
857,AW00011856,"Seth Hernandez",57,"50 and Above",New,2,134,5,5,1,2013-12-31,0,67.00,134.00
858,AW00011857,"Isabella Young",52,"50 and Above",New,2,125,4,4,1,2013-12-05,1,62.50,125.00
859,AW00011858,"Jordan Coleman",58,"50 and Above",New,2,85,2,2,3,2013-07-12,6,42.50,28.33
860,AW00011859,"Blake Garcia",58,"50 and Above",New,2,72,3,3,7,2013-12-01,1,36.00,10.29
861,AW00011860,"Nicole Walker",58,"50 and Above",New,2,70,2,2,4,2013-11-12,2,35.00,17.50
862,AW00011861,"Katherine Carter",58,"50 and Above",New,5,287,13,11,7,2013-12-22,1,57.40,41.00
863,AW00011862,"Olivia Peterson",53,"50 and Above",New,2,209,5,5,5,2013-10-23,3,104.50,41.80
864,AW00011863,"Jessica Wood",59,"50 and Above",New,2,48,3,3,0,2013-09-04,4,24.00,48.00
865,AW00011864,"Elizabeth Thompson",59,"50 and Above",New,2,48,3,3,3,2013-06-06,7,24.00,16.00
866,AW00011865,"Chloe Rivera",59,"50 and Above",New,2,115,4,4,7,2013-10-06,3,57.50,16.43
867,AW00011866,"Lucas Scott",59,"50 and Above",New,2,43,2,2,2,2013-04-27,9,21.50,21.50
868,AW00011867,"Nathaniel James",55,"50 and Above",New,2,83,4,4,4,2013-10-23,3,41.50,20.75
869,AW00011868,"Jessica Peterson",53,"50 and Above",New,5,248,11,10,10,2013-12-17,1,49.60,24.80
870,AW00011869,"Kaitlyn Adams",42,40-49,New,5,268,14,12,9,2014-01-16,0,53.60,29.78
871,AW00011870,"Jillian Garcia",47,40-49,New,2,242,5,5,5,2014-01-17,0,121.00,48.40
872,AW00011871,"Dalton Bennett",47,40-49,New,2,70,2,2,3,2013-05-29,7,35.00,23.33
873,AW00011872,"Faith Patterson",47,40-49,VIP,2,5948,5,5,20,2013-06-25,7,2974.00,297.40
874,AW00011873,"Ryan Zhang",53,"50 and Above",VIP,2,5923,5,5,19,2013-06-06,7,2961.50,311.74
875,AW00011874,"Adrian Bell",48,40-49,New,2,72,5,5,5,2014-01-18,0,36.00,14.40
876,AW00011875,"Jonathan Brown",60,"50 and Above",New,5,292,11,10,9,2014-01-27,0,58.40,32.44
877,AW00011876,"Madison White",60,"50 and Above",New,2,83,4,4,3,2013-09-24,4,41.50,27.67
878,AW00011877,"Alexis Diaz",60,"50 and Above",New,2,43,2,2,2,2013-12-28,1,21.50,21.50
879,AW00011878,"Christine Nara",55,"50 and Above",New,2,83,4,4,0,2013-12-12,1,41.50,83.00
880,AW00011879,"Edgar Sai",54,"50 and Above",New,2,107,5,5,8,2013-11-02,2,53.50,13.38
881,AW00011880,"Melissa Sanchez",61,"50 and Above",New,2,50,4,4,6,2013-11-03,2,25.00,8.33
882,AW00011881,"Richard Mitchell",61,"50 and Above",New,2,149,7,7,0,2013-12-17,1,74.50,149.00
883,AW00011882,"Patrick Stewart",50,"50 and Above",New,2,48,3,3,4,2013-07-12,6,24.00,12.00
884,AW00011883,"Hannah Anderson",61,"50 and Above",New,2,77,4,4,8,2013-11-14,2,38.50,9.63
885,AW00011884,"Latoya Shen",56,"50 and Above",New,2,110,4,3,10,2013-12-29,0,55.00,11.00
886,AW00011885,"Kurt Sharma",55,"50 and Above",VIP,2,5900,3,3,15,2013-02-04,11,2950.00,393.33
887,AW00011886,"Katelyn Parker",62,"50 and Above",VIP,2,5897,4,4,19,2013-06-17,7,2948.50,310.37
888,AW00011887,"Joseph White",62,"50 and Above",New,2,83,4,4,0,2013-06-27,7,41.50,83.00
889,AW00011888,"Aaron Ross",56,"50 and Above",New,1,2377,3,3,0,2013-03-18,10,2377.00,2377.00
890,AW00011889,"Blake Patterson",62,"50 and Above",New,2,50,4,4,0,2013-03-04,10,25.00,50.00
891,AW00011890,"Whitney Lopez",62,"50 and Above",New,2,130,6,6,3,2013-07-05,6,65.00,43.33
892,AW00011891,"Jamie Liang",56,"50 and Above",New,2,110,4,4,3,2013-06-30,6,55.00,36.67
893,AW00011892,"Julio Ortega",51,"50 and Above",VIP,3,8119,5,5,22,2013-07-22,6,2706.33,369.05
894,AW00011893,"Orlando Carlson",51,"50 and Above",VIP,3,8123,5,5,22,2013-07-23,6,2707.67,369.23
895,AW00011894,"Ann Gonzalez",46,40-49,VIP,3,8223,9,9,21,2013-07-06,6,2741.00,391.57
896,AW00011895,"Dustin Chander",51,"50 and Above",VIP,3,8149,5,5,22,2013-07-25,6,2716.33,370.41
897,AW00011896,"Frank Carlson",51,"50 and Above",VIP,3,8118,6,6,22,2013-07-11,6,2706.00,369.00
898,AW00011897,"Orlando Ashe",52,"50 and Above",VIP,3,8203,6,5,25,2013-10-14,3,2734.33,328.12
899,AW00011898,"Angela Henderson",50,"50 and Above",VIP,3,8179,6,6,22,2013-07-23,6,2726.33,371.77
900,AW00011899,"Brenda Perez",50,"50 and Above",VIP,3,8189,7,7,22,2013-07-08,6,2729.67,372.23
901,AW00011900,"Byron Carlson",45,40-49,VIP,3,8257,7,7,21,2013-07-11,6,2752.33,393.19
902,AW00011901,"Stacy Alvarez",52,"50 and Above",VIP,3,8248,7,6,25,2013-11-09,2,2749.33,329.92
903,AW00011902,"Drew Pal",53,"50 and Above",New,3,62,6,5,10,2013-12-29,0,20.67,6.20
904,AW00011903,"Kate Raji",40,40-49,VIP,3,8108,4,4,21,2013-07-13,6,2702.67,386.10
905,AW00011904,"Kaylee Cook",40,40-49,VIP,3,8214,7,7,21,2013-07-01,6,2738.00,391.14
906,AW00011905,"Isaiah Ramirez",51,"50 and Above",VIP,3,8156,7,7,22,2013-07-06,6,2718.67,370.73
907,AW00011906,"Gabriella Sanders",53,"50 and Above",VIP,3,8151,7,7,22,2013-07-12,6,2717.00,370.50
908,AW00011907,"Sarah Garcia",53,"50 and Above",VIP,3,8135,5,5,21,2013-07-20,6,2711.67,387.38
909,AW00011908,"Rafael Tang",54,"50 and Above",VIP,3,8079,3,3,23,2013-08-23,5,2693.00,351.26
910,AW00011909,"Nichole She",54,"50 and Above",VIP,3,8105,7,7,22,2013-08-01,5,2701.67,368.41
911,AW00011910,"Jaclyn Zheng",54,"50 and Above",VIP,3,8113,5,5,21,2013-08-03,5,2704.33,386.33
912,AW00011911,"Rachael Kapoor",54,"50 and Above",New,3,62,4,4,6,2013-12-21,1,20.67,10.33
913,AW00011912,"Rachael Sai",NULL,"50 and Above",VIP,3,8095,6,6,24,2013-11-22,2,2698.33,337.29
914,AW00011913,"Rebecca Robinson",55,"50 and Above",New,3,41,4,4,0,2013-12-26,1,13.67,41.00
915,AW00011914,"Meagan Rana",47,40-49,VIP,3,8166,8,8,22,2013-08-23,5,2722.00,371.18
916,AW00011915,"Philip Carlson",NULL,"50 and Above",VIP,3,8143,8,7,22,2013-08-24,5,2714.33,370.14
917,AW00011916,"Joe Rana",49,40-49,VIP,3,8179,7,7,22,2013-08-21,5,2726.33,371.77
918,AW00011917,"Roy Sanz",55,"50 and Above",VIP,3,8121,6,6,21,2013-08-19,5,2707.00,386.71
919,AW00011918,"Kaylee Hill",56,"50 and Above",VIP,3,8205,8,8,25,2013-11-25,2,2735.00,328.20
920,AW00011919,"Warren Andersen",56,"50 and Above",VIP,3,8172,8,8,26,2013-12-21,1,2724.00,314.31
921,AW00011920,"Adrienne Gomez",51,"50 and Above",VIP,3,8156,7,7,26,2013-12-11,1,2718.67,313.69
922,AW00011921,"Gilbert Zhu",55,"50 and Above",New,3,63,5,5,2,2013-11-23,2,21.00,31.50
923,AW00011922,"James Davis",41,40-49,New,5,276,12,10,8,2013-10-23,3,55.20,34.50
924,AW00011923,"Sarah Bryant",41,40-49,New,2,43,2,2,10,2014-01-09,0,21.50,4.30
925,AW00011924,"Ian Long",41,40-49,VIP,2,5897,5,5,19,2013-06-19,7,2948.50,310.37
926,AW00011925,"Ashlee Jai",42,40-49,VIP,2,5968,5,5,20,2013-06-19,7,2984.00,298.40
927,AW00011926,"Eduardo Foster",42,40-49,New,2,48,3,3,1,2013-06-18,7,24.00,48.00
928,AW00011927,"Nicole Murphy",42,40-49,New,2,52,3,3,0,2014-01-28,0,26.00,52.00
929,AW00011928,"Isabella Morris",42,40-49,New,2,48,3,3,6,2013-12-13,1,24.00,8.00
930,AW00011929,"Virginia Gonzalez",63,"50 and Above",Regular,3,4965,8,7,26,2013-12-17,1,1655.00,190.96
931,AW00011930,"Jaclyn Nara",73,"50 and Above",VIP,3,5035,5,5,26,2013-12-16,1,1678.33,193.65
932,AW00011931,"Marcus Adams",42,40-49,New,2,234,7,7,8,2013-11-03,2,117.00,29.25
933,AW00011932,"Elizabeth Coleman",42,40-49,New,2,136,6,6,2,2013-07-25,6,68.00,68.00
934,AW00011933,"Mathew Rubio",43,40-49,VIP,2,5933,3,3,20,2013-06-27,7,2966.50,296.65
935,AW00011934,"Justin Shan",43,40-49,VIP,2,5994,5,5,18,2013-06-10,7,2997.00,333.00
936,AW00011935,"Jessica Taylor",43,40-49,New,1,35,1,1,0,2013-06-06,7,35.00,35.00
937,AW00011936,"Hunter Clark",43,40-49,New,1,42,3,3,0,2013-04-05,9,42.00,42.00
938,AW00011937,"Devin Perez",43,40-49,VIP,2,5888,4,4,20,2013-07-02,6,2944.00,294.40
939,AW00011938,"Seth Alexander",43,40-49,New,2,43,2,2,10,2014-01-09,0,21.50,4.30
940,AW00011939,"Kevin Washington",43,40-49,VIP,2,5977,5,5,19,2013-06-19,7,2988.50,314.58
941,AW00011940,"Tyler Miller",43,40-49,New,2,70,2,2,4,2013-12-25,1,35.00,17.50
942,AW00011941,"Adam Roberts",44,40-49,New,2,109,5,5,2,2013-11-02,2,54.50,54.50
943,AW00011942,"George Gonzalez",71,"50 and Above",Regular,3,4827,8,6,26,2013-12-19,1,1609.00,185.65
944,AW00011943,"Dawn Huang",71,"50 and Above",Regular,3,4734,7,7,25,2013-12-13,1,1578.00,189.36
945,AW00011944,"Rachael Rodriguez",70,"50 and Above",Regular,3,4776,9,8,26,2013-12-20,1,1592.00,183.69
946,AW00011945,"Dennis Huang",40,40-49,VIP,2,5910,4,4,22,2013-09-28,4,2955.00,268.64
947,AW00011946,"Brandy Saunders",69,"50 and Above",Regular,3,4697,5,5,26,2013-12-22,1,1565.67,180.65
948,AW00011947,"Jenny Zheng",69,"50 and Above",Regular,3,4747,6,6,26,2013-12-27,1,1582.33,182.58
949,AW00011948,"Tasha Xu",69,"50 and Above",New,2,82,4,4,1,2013-10-06,3,41.00,82.00
950,AW00011949,"Julia Brooks",40,40-49,New,2,70,2,2,2,2013-09-24,4,35.00,35.00
951,AW00011950,"Jordan Carter",41,40-49,New,2,110,4,4,8,2013-11-07,2,55.00,13.75
952,AW00011951,"Lacey Huang",68,"50 and Above",New,3,63,8,6,2,2013-11-12,2,21.00,31.50
953,AW00011952,"Dorothy Robinson",66,"50 and Above",VIP,3,8169,7,7,22,2013-08-07,5,2723.00,371.32
954,AW00011953,"Courtney Wright",45,40-49,New,2,65,6,6,7,2013-09-16,4,32.50,9.29
955,AW00011954,"Joseph Garcia",45,40-49,VIP,2,5910,4,4,19,2013-06-18,7,2955.00,311.05
956,AW00011955,"Gabriel Green",45,40-49,VIP,2,5953,3,3,19,2013-06-28,7,2976.50,313.32
957,AW00011956,"Alexandria Sandberg",40,40-49,VIP,2,5873,2,2,19,2013-06-01,7,2936.50,309.11
958,AW00011957,"Courtney Hernandez",47,40-49,New,2,91,6,6,10,2014-01-08,0,45.50,9.10
959,AW00011958,"Dylan Lal",47,40-49,New,2,160,5,5,4,2013-11-10,2,80.00,40.00
960,AW00011959,"Elizabeth Davis",47,40-49,New,2,139,4,4,7,2013-11-10,2,69.50,19.86
961,AW00011960,"Ana Griffin",47,40-49,New,2,75,3,3,4,2013-07-28,6,37.50,18.75
962,AW00011961,"Anne Alvarez",47,40-49,New,2,72,3,3,7,2013-10-08,3,36.00,10.29
963,AW00011962,"Alexandra Roberts",44,40-49,New,2,103,4,4,0,2013-08-16,5,51.50,103.00
964,AW00011963,"Antonio Patterson",65,"50 and Above",VIP,3,8068,5,5,22,2013-08-23,5,2689.33,366.73
965,AW00011964,"Sharon Salavaria",59,"50 and Above",VIP,3,8173,6,6,21,2013-08-09,5,2724.33,389.19
966,AW00011965,"Katie She",64,"50 and Above",New,3,118,6,6,9,2013-12-01,1,39.33,13.11
967,AW00011966,"Rafael Black",59,"50 and Above",New,3,55,4,4,1,2013-12-18,1,18.33,55.00
968,AW00011967,"Latasha Munoz",63,"50 and Above",VIP,3,8153,6,6,21,2013-08-07,5,2717.67,388.24
969,AW00011968,"Kelsey Becker",62,"50 and Above",VIP,3,8079,3,3,21,2013-08-17,5,2693.00,384.71
970,AW00011969,"Randy Xu",62,"50 and Above",VIP,3,8173,6,6,21,2013-08-16,5,2724.33,389.19
971,AW00011970,"Bailey Collins",41,40-49,New,2,110,4,3,3,2013-09-21,4,55.00,36.67
972,AW00011971,"Amanda Adams",47,40-49,New,2,134,5,5,7,2013-11-25,2,67.00,19.14
973,AW00011972,"Katherine Williams",46,40-49,New,2,65,6,6,1,2013-12-22,1,32.50,65.00
974,AW00011973,"Caroline Barnes",46,40-49,New,2,89,5,5,0,2013-03-10,10,44.50,89.00
975,AW00011974,"Randy Sun",46,40-49,New,2,113,6,6,1,2013-12-05,1,56.50,113.00
976,AW00011975,"Destiny Garcia",46,40-49,New,2,209,6,6,2,2013-10-14,3,104.50,104.50
977,AW00011976,"Audrey Ramos",56,"50 and Above",VIP,3,8087,6,6,22,2013-08-25,5,2695.67,367.59
978,AW00011977,"Bonnie Jai",61,"50 and Above",VIP,3,8213,8,8,21,2013-08-15,5,2737.67,391.10
979,AW00011978,"Jackson Washington",48,40-49,New,2,75,3,3,9,2013-11-13,2,37.50,8.33
980,AW00011979,"Christopher Johnson",63,"50 and Above",New,2,4814,8,8,2,2013-05-08,8,2407.00,2407.00
981,AW00011980,"Kimberly Richardson",63,"50 and Above",New,2,108,5,5,2,2013-11-28,2,54.00,54.00
982,AW00011981,"Alexandria Howard",63,"50 and Above",New,2,120,6,6,9,2014-01-28,0,60.00,13.33
983,AW00011982,"Alexandra Foster",63,"50 and Above",New,2,105,5,5,1,2013-10-02,3,52.50,105.00
984,AW00011983,"Cheryl Ortega",58,"50 and Above",VIP,2,5873,2,2,15,2013-02-21,11,2936.50,391.53
985,AW00011984,"Alex Campbell",63,"50 and Above",New,2,4730,6,6,2,2013-05-06,8,2365.00,2365.00
986,AW00011985,"Melanie Hughes",63,"50 and Above",New,2,90,3,3,10,2014-01-05,0,45.00,9.00
987,AW00011986,"Max Alvarez",57,"50 and Above",VIP,3,8245,11,11,21,2013-08-27,5,2748.33,392.62
988,AW00011987,"Diane Vazquez",53,"50 and Above",New,3,278,8,7,4,2013-11-10,2,92.67,69.50
989,AW00011988,"Kathryn Chapman",58,"50 and Above",VIP,3,8078,6,6,20,2013-08-06,5,2692.67,403.90
990,AW00011989,"Kara Anand",42,40-49,VIP,3,8140,5,5,21,2013-08-06,5,2713.33,387.62
991,AW00011990,"Joanna Vazquez",58,"50 and Above",VIP,3,8164,7,6,21,2013-08-22,5,2721.33,388.76
992,AW00011991,"Frederick Martinez",58,"50 and Above",VIP,3,8128,6,6,25,2013-12-19,1,2709.33,325.12
993,AW00011992,"Tonya Chande",54,"50 and Above",VIP,3,8123,5,5,24,2013-12-11,1,2707.67,338.46
994,AW00011993,"Rosa Wang",48,40-49,VIP,3,8131,7,7,25,2013-12-23,1,2710.33,325.24
995,AW00011994,"Leah Hu",48,40-49,VIP,3,8169,5,5,20,2013-08-23,5,2723.00,408.45
996,AW00011995,"Kelvin Carson",60,"50 and Above",VIP,3,8249,7,7,25,2013-12-10,1,2749.67,329.96
997,AW00011996,"Veronica Srini",60,"50 and Above",VIP,3,7059,11,10,20,2013-08-02,5,2353.00,352.95
998,AW00011997,"Kristina Kapoor",55,"50 and Above",VIP,3,7030,7,7,21,2013-08-14,5,2343.33,334.76
999,AW00011998,"Donna Sharma",60,"50 and Above",VIP,3,6962,7,7,21,2013-08-28,5,2320.67,331.52
1000,AW00011999,"Johnny Shan",60,"50 and Above",VIP,3,7043,9,9,20,2013-08-02,5,2347.67,352.15
